Workbook

Sheet Instruction
B1: All in KB | D1: Tapis | E1: Dulang | F1: Jitang | G1: Sepat | H1: KIMC | I1: Kimanis | J1: Bintulu
A2: Day | B2: Ullage | C2: Processing Inventory | D2: Inventory_Base | E2: Inventory_A | F2: Inventory_B | G2: Inventory_C | H2: Inventory_D | I2: Inventory_E | J2: Inventory_F | K2: Rate_Base | L2: Rate_A | M2: Rate_B | N2: Rate_C | O2: Rate_D | P2: Rate_E | Q2: Rate_F | R2: primary_grade | S2: secondary_grade | T2: primary_rate | U2: secondary_rate | V2: total_rate | W2: ratio | X2: capacity_used | Y2: capacity_limit | Z2: Tank 1 | AA2: Tank 2 | AB2: Tank 3 | AC2: Tank 4 | AD2: Tank 5 | AE2: Delivery 1 | AF2: Delivery 2 | AG2: Delivery 3 | AH2: Delivery 4 | AI2: Delivery 5 | AJ2: Delivery 6 | AK2: Comment
A3: 0 | B3: =1180-C3 -> 1180 | C3: =SUM(D3:J3) -> 0 | AL3: Assumptions used:
A4: 1 | B4: =1180-C4 -> 1180 | C4: =SUM(D4:J4) -> 0 | D4: =D3-K4 -> 0 | E4: =E3-L4 -> 0 | F4: =F3-M4 -> 0 | G4: =G3-N4 -> 0 | H4: =H3-O4 -> 0 | I4: =I3-P4 -> 0 | J4: =J3-Q4 -> 0 | V4: =SUM(K4:Q4) -> 0 | W4: 0.60:0.40 | X4: 96 | Y4: 96 | AE4: Load Base (1-3) | AL4: 1. Assume 1 day loading, regardless of parcel size
A5: 2 | B5: =1180-C5 -> 1180 | C5: =SUM(D5:J5) -> 0 | D5: =D4-K5 -> 0 | E5: =E4-L5 -> 0 | F5: =F4-M5 -> 0 | G5: =G4-N5 -> 0 | H5: =H4-O5 -> 0 | I5: =I4-P5 -> 0 | J5: =J4-Q5 -> 0 | V5: =SUM(K5:Q5) -> 0 | W5: 0.60:0.40 | X5: 96 | Y5: 96 | AE5: Load A (1-3) | AL5: 2. Assume all spot vessel - no requirement to use the same vessel for subsequent voyage / consider sailing time from MRC to next loadport
A6: 3 | B6: =1180-C6 -> 1180 | C6: =SUM(D6:J6) -> 0 | D6: =D5-K6 -> 0 | E6: =E5-L6 -> 0 | F6: =F5-M6 -> 0 | G6: =G5-N6 -> 0 | H6: =H5-O6 -> 0 | I6: =I5-P6 -> 0 | J6: =J5-Q6 -> 0 | V6: =SUM(K6:Q6) -> 0 | W6: 0.60:0.40 | X6: 58 | Y6: 96 | AE6: Sail
A7: 4 | B7: =1180-C7 -> 1180 | C7: =SUM(D7:J7) -> 0 | D7: =D6-K7 -> 0 | E7: =E6-L7 -> 0 | F7: =F6-M7 -> 0 | G7: =G6-N7 -> 0 | H7: =H6-O7 -> 0 | I7: =I6-P7 -> 0 | J7: =J6-Q7 -> 0 | V7: =SUM(K7:Q7) -> 0 | W7: 0.27:0.73 | X7: 95 | Y7: 95 | AE7: Sail | AL7: 3. Max parcel for co-loading 2 grades: 700KB, 3 grades: 650KB
A8: 5 | B8: =1180-C8 -> 1180 | C8: =SUM(D8:J8) -> 0 | D8: =D7-K8 -> 0 | E8: =E7-L8 -> 0 | F8: =F7-M8 -> 0 | G8: =G7-N8 -> 0 | H8: =H7-O8 -> 0 | I8: =I7-P8 -> 0 | J8: =J7-Q8 -> 0 | V8: =SUM(K8:Q8) -> 0 | W8: 0.27:0.73 | X8: 96 | Y8: 96 | AE8: Discharge | AF8: Load E (5-7) | AL8: 4. Sailing time assumption - refer to table
A9: 6 | B9: =1180-C9 -> 1180 | C9: =SUM(D9:J9) -> 0 | D9: =D8-K9 -> 0 | E9: =E8-L9 -> 0 | F9: =F8-M9 -> 0 | G9: =G8-N9 -> 0 | H9: =H8-O9 -> 0 | I9: =I8-P9 -> 0 | J9: =J8-Q9 -> 0 | V9: =SUM(K9:Q9) -> 0 | W9: 0.27:0.73 | X9: 96 | Y9: 96 | AE9: Discharge | AF9: Sail to Sarawak | AL9: 5. Do not assume ROB
A10: 7 | B10: =1180-C10 -> 1180 | C10: =SUM(D10:J10) -> 0 | D10: =D9-K10 -> 0 | E10: =E9-L10 -> 0 | F10: =F9-M10 -> 0 | G10: =G9-N10 -> 0 | H10: =H9-O10 -> 0 | I10: =I9-P10 -> 0 | J10: =J9-Q10 -> 0 | V10: =SUM(K10:Q10) -> 0 | W10: 0.27:0.73 | X10: 96 | Y10: 96 | AE10: Tk prep | AF10: Load F (5-7)
A11: 8 | B11: =1180-C11 -> 1180 | C11: =SUM(D11:J11) -> 0 | D11: =D10-K11 -> 0 | E11: =E10-L11 -> 0 | F11: =F10-M11 -> 0 | G11: =G10-N11 -> 0 | H11: =H10-O11 -> 0 | I11: =I10-P11 -> 0 | J11: =J10-Q11 -> 0 | V11: =SUM(K11:Q11) -> 0 | W11: 0.27:0.73 | X11: 96 | Y11: 96 | AE11: Tk prep | AF11: Sail
A12: 9 | B12: =1180-C12 -> 1180 | C12: =SUM(D12:J12) -> 0 | D12: =D11-K12 -> 0 | E12: =E11-L12 -> 0 | F12: =F11-M12 -> 0 | G12: =G11-N12 -> 0 | H12: =H11-O12 -> 0 | I12: =I11-P12 -> 0 | J12: =J11-Q12 -> 0 | V12: =SUM(K12:Q12) -> 0 | W12: 0.27:0.73 | X12: 96 | Y12: 96 | AE12: Tk prep | AF12: Sail
A13: 10 | B13: =1180-C13 -> 1180 | C13: =SUM(D13:J13) -> 0 | D13: =D12-K13 -> 0 | E13: =E12-L13 -> 0 | F13: =F12-M13 -> 0 | G13: =G12-N13 -> 0 | H13: =H12-O13 -> 0 | I13: =I12-P13 -> 0 | J13: =J12-Q13 -> 0 | V13: =SUM(K13:Q13) -> 0 | W13: 0.27:0.73 | X13: 75.555556 | Y13: 96 | AE13: Base: 400, A :150 | AF13: Sail | AG13: Load B (8-10)
A14: 11 | B14: =1180-C14 -> 1180 | C14: =SUM(D14:J14) -> 0 | D14: =D13-K14 -> 0 | E14: =E13-L14 -> 0 | F14: =F13-M14 -> 0 | G14: =G13-N14 -> 0 | H14: =H13-O14 -> 0 | I14: =I13-P14 -> 0 | J14: =J13-Q14 -> 0 | V14: =SUM(K14:Q14) -> 0 | W14: 0.27:0.73 | X14: 95 | Y14: 95 | AF14: Discharge | AG14: Sail | AH14: Load E (10-11)
A15: 12 | B15: =1180-C15 -> 1180 | C15: =SUM(D15:J15) -> 0 | D15: =D14-K15 -> 0 | E15: =E14-L15 -> 0 | F15: =F14-M15 -> 0 | G15: =G14-N15 -> 0 | H15: =H14-O15 -> 0 | I15: =I14-P15 -> 0 | J15: =J14-Q15 -> 0 | V15: =SUM(K15:Q15) -> 0 | W15: 0.27:0.73 | X15: 95 | Y15: 95 | AF15: Discharge | AG15: Sail | AH15: Sail
A16: 13 | B16: =1180-C16 -> 1180 | C16: =SUM(D16:J16) -> 0 | D16: =D15-K16 -> 0 | E16: =E15-L16 -> 0 | F16: =F15-M16 -> 0 | G16: =G15-N16 -> 0 | H16: =H15-O16 -> 0 | I16: =I15-P16 -> 0 | J16: =J15-Q16 -> 0 | V16: =SUM(K16:Q16) -> 0 | W16: 0.27:0.73 | X16: 95 | Y16: 95 | AF16: Tank Prep | AG16: Discharge | AH16: Sail
A17: 14 | B17: =1180-C17 -> 1180 | C17: =SUM(D17:J17) -> 0 | D17: =D16-K17 -> 0 | E17: =E16-L17 -> 0 | F17: =F16-M17 -> 0 | G17: =G16-N17 -> 0 | H17: =H16-O17 -> 0 | I17: =I16-P17 -> 0 | J17: =J16-Q17 -> 0 | V17: =SUM(K17:Q17) -> 0 | W17: 0.27:0.73 | X17: 91.841705 | Y17: 95 | AF17: Tank Prep | AG17: Discharge | AH17: Sail
A18: 15 | B18: =1180-C18 -> 1180 | C18: =SUM(D18:J18) -> 0 | D18: =D17-K18 -> 0 | E18: =E17-L18 -> 0 | F18: =F17-M18 -> 0 | G18: =G17-N18 -> 0 | H18: =H17-O18 -> 0 | I18: =I17-P18 -> 0 | J18: =J17-Q18 -> 0 | V18: =SUM(K18:Q18) -> 0 | W18: 1.00:0.00 | X18: 7.1054274e-15 | Y18: 96 | AF18: Tank Prep | AG18: Tank Prep | AH18: Demurrage
A19: 16 | B19: =1180-C19 -> 1180 | C19: =SUM(D19:J19) -> 0 | D19: =D18-K19 -> 0 | E19: =E18-L19 -> 0 | F19: =F18-M19 -> 0 | G19: =G18-N19 -> 0 | H19: =H18-O19 -> 0 | I19: =I18-P19 -> 0 | J19: =J18-Q19 -> 0 | V19: =SUM(K19:Q19) -> 0 | W19: 1.00:0.00 | X19: 95 | Y19: 95 | AF19: E: 250, F: 320 | AG19: Tank Prep | AH19: Demurrage
A20: 17 | B20: =1180-C20 -> 1180 | C20: =SUM(D20:J20) -> 0 | D20: =D19-K20 -> 0 | E20: =E19-L20 -> 0 | F20: =F19-M20 -> 0 | G20: =G19-N20 -> 0 | H20: =H19-O20 -> 0 | I20: =I19-P20 -> 0 | J20: =J19-Q20 -> 0 | V20: =SUM(K20:Q20) -> 0 | W20: 1.00:0.00 | X20: 77.60274 | Y20: 95 | AG20: Tank Prep | AH20: Discharge
A21: 18 | B21: =1180-C21 -> 1180 | C21: =SUM(D21:J21) -> 0 | D21: =D20-K21 -> 0 | E21: =E20-L21 -> 0 | F21: =F20-M21 -> 0 | G21: =G20-N21 -> 0 | H21: =H20-O21 -> 0 | I21: =I20-P21 -> 0 | J21: =J20-Q21 -> 0 | V21: =SUM(K21:Q21) -> 0 | W21: 1.00:0.00 | X21: 95 | Y21: 95 | AG21: B: 150 | AH21: Discharge | AI21: Load Base (17-19)
A22: 19 | B22: =1180-C22 -> 1180 | C22: =SUM(D22:J22) -> 0 | D22: =D21-K22 -> 0 | E22: =E21-L22 -> 0 | F22: =F21-M22 -> 0 | G22: =G21-N22 -> 0 | H22: =H21-O22 -> 0 | I22: =I21-P22 -> 0 | J22: =J21-Q22 -> 0 | V22: =SUM(K22:Q22) -> 0 | W22: 1.00:0.00 | X22: 96 | Y22: 96 | AH22: Tank Prep | AI22: Load C (17-19)
A23: 20 | B23: =1180-C23 -> 1180 | C23: =SUM(D23:J23) -> 0 | D23: =D22-K23 -> 0 | E23: =E22-L23 -> 0 | F23: =F22-M23 -> 0 | G23: =G22-N23 -> 0 | H23: =H22-O23 -> 0 | I23: =I22-P23 -> 0 | J23: =J22-Q23 -> 0 | V23: =SUM(K23:Q23) -> 0 | W23: 1.00:0.00 | X23: 96 | Y23: 96 | AH23: Tank Prep | AI23: Sail
A24: 21 | B24: =1180-C24 -> 1180 | C24: =SUM(D24:J24) -> 0 | D24: =D23-K24 -> 0 | E24: =E23-L24 -> 0 | F24: =F23-M24 -> 0 | G24: =G23-N24 -> 0 | H24: =H23-O24 -> 0 | I24: =I23-P24 -> 0 | J24: =J23-Q24 -> 0 | V24: =SUM(K24:Q24) -> 0 | W24: 1.00:0.00 | X24: 8 | Y24: 96 | AH24: Tank Prep | AI24: Sail | AJ24: Load F (19-22)
A25: 22 | B25: =1180-C25 -> 1180 | C25: =SUM(D25:J25) -> 0 | D25: =D24-K25 -> 0 | E25: =E24-L25 -> 0 | F25: =F24-M25 -> 0 | G25: =G24-N25 -> 0 | H25: =H24-O25 -> 0 | I25: =I24-P25 -> 0 | J25: =J24-Q25 -> 0 | V25: =SUM(K25:Q25) -> 0 | W25: 1.00:0.00 | X25: 87 | Y25: 87 | AH25: E: 550 | AI25: Demurrage | AJ25: Sail to Sabah
A26: 23 | B26: =1180-C26 -> 1180 | C26: =SUM(D26:J26) -> 0 | D26: =D25-K26 -> 0 | E26: =E25-L26 -> 0 | F26: =F25-M26 -> 0 | G26: =G25-N26 -> 0 | H26: =H25-O26 -> 0 | I26: =I25-P26 -> 0 | J26: =J25-Q26 -> 0 | V26: =SUM(K26:Q26) -> 0 | W26: 1.00:0.00 | X26: 87 | Y26: 87 | AI26: Discharge | AJ26: Load E (23-24)
A27: 24 | B27: =1180-C27 -> 1180 | C27: =SUM(D27:J27) -> 0 | D27: =D26-K27 -> 0 | E27: =E26-L27 -> 0 | F27: =F26-M27 -> 0 | G27: =G26-N27 -> 0 | H27: =H26-O27 -> 0 | I27: =I26-P27 -> 0 | J27: =J26-Q27 -> 0 | V27: =SUM(K27:Q27) -> 0 | W27: 1.00:0.00 | X27: 87 | Y27: 87 | AI27: Discharge | AJ27: Load D (23-24)
A28: 25 | B28: =1180-C28 -> 1180 | C28: =SUM(D28:J28) -> 0 | D28: =D27-K28 -> 0 | E28: =E27-L28 -> 0 | F28: =F27-M28 -> 0 | G28: =G27-N28 -> 0 | H28: =H27-O28 -> 0 | I28: =I27-P28 -> 0 | J28: =J27-Q28 -> 0 | V28: =SUM(K28:Q28) -> 0 | W28: 1.00:0.00 | X28: 87 | Y28: 87 | AI28: Tank Prep | AJ28: Sail
A29: 26 | B29: =1180-C29 -> 1180 | C29: =SUM(D29:J29) -> 0 | D29: =D28-K29 -> 0 | E29: =E28-L29 -> 0 | F29: =F28-M29 -> 0 | G29: =G28-N29 -> 0 | H29: =H28-O29 -> 0 | I29: =I28-P29 -> 0 | J29: =J28-Q29 -> 0 | V29: =SUM(K29:Q29) -> 0 | W29: 1.00:0.00 | X29: 12 | Y29: 87 | AI29: Tank Prep | AJ29: Sail
A30: 27 | B30: =1180-C30 -> 1180 | C30: =SUM(D30:J30) -> 0 | D30: =D29-K30 -> 0 | E30: =E29-L30 -> 0 | F30: =F29-M30 -> 0 | G30: =G29-N30 -> 0 | H30: =H29-O30 -> 0 | I30: =I29-P30 -> 0 | J30: =J29-Q30 -> 0 | V30: =SUM(K30:Q30) -> 0 | W30: 1.00:0.00 | X30: 95 | Y30: 95 | AI30: Tank Prep | AJ30: Sail
A31: 28 | B31: =1180-C31 -> 1180 | C31: =SUM(D31:J31) -> 0 | D31: =D30-K31 -> 0 | E31: =E30-L31 -> 0 | F31: =F30-M31 -> 0 | G31: =G30-N31 -> 0 | H31: =H30-O31 -> 0 | I31: =I30-P31 -> 0 | J31: =J30-Q31 -> 0 | V31: =SUM(K31:Q31) -> 0 | W31: 1.00:0.00 | X31: 55 | Y31: 95 | AI31: Base: 360, C: 200 | AJ31: Discharge
A32: 29 | B32: =1180-C32 -> 1180 | C32: =SUM(D32:J32) -> 0 | D32: =D31-K32 -> 0 | E32: =E31-L32 -> 0 | F32: =F31-M32 -> 0 | G32: =G31-N32 -> 0 | H32: =H31-O32 -> 0 | I32: =I31-P32 -> 0 | J32: =J31-Q32 -> 0 | V32: =SUM(K32:Q32) -> 0 | W32: 1.00:0.00 | X32: 95 | Y32: 95 | AJ32: Discharge
A33: 30 | B33: =1180-C33 -> 1180 | C33: =SUM(D33:J33) -> 0 | D33: =D32-K33 -> 0 | E33: =E32-L33 -> 0 | F33: =F32-M33 -> 0 | G33: =G32-N33 -> 0 | H33: =H32-O33 -> 0 | I33: =I32-P33 -> 0 | J33: =J32-Q33 -> 0 | V33: =SUM(K33:Q33) -> 0 | W33: 1.00:0.00 | X33: 95 | Y33: 95 | AJ33: Tank Prep
A34: 31 | B34: =1180-C34 -> 1180 | C34: =SUM(D34:J34) -> 0 | D34: =D33-K34 -> 0 | E34: =E33-L34 -> 0 | F34: =F33-M34 -> 0 | G34: =G33-N34 -> 0 | H34: =H33-O34 -> 0 | I34: =I33-P34 -> 0 | J34: =J33-Q34 -> 0 | V34: =SUM(K34:Q34) -> 0 | AJ34: Tank Prep
A35: 32 | B35: =1180-C35 -> 1180 | C35: =SUM(D35:J35) -> 0 | D35: =D34-K35 -> 0 | E35: =E34-L35 -> 0 | F35: =F34-M35 -> 0 | G35: =G34-N35 -> 0 | H35: =H34-O35 -> 0 | I35: =I34-P35 -> 0 | J35: =J34-Q35 -> 0 | V35: =SUM(K35:Q35) -> 0 | AJ35: Tank Prep
A36: 33 | B36: =1180-C36 -> 1180 | C36: =SUM(D36:J36) -> 0 | D36: =D35-K36 -> 0 | E36: =E35-L36 -> 0 | F36: =F35-M36 -> 0 | G36: =G35-N36 -> 0 | H36: =H35-O36 -> 0 | I36: =I35-P36 -> 0 | J36: =J35-Q36 -> 0 | V36: =SUM(K36:Q36) -> 0 | AJ36: F: 280, E: 100, D: 150
A37: 34 | B37: =1180-C37 -> 1180 | C37: =SUM(D37:J37) -> 0 | D37: =D36-K37 -> 0 | E37: =E36-L37 -> 0 | F37: =F36-M37 -> 0 | G37: =G36-N37 -> 0 | H37: =H36-O37 -> 0 | I37: =I36-P37 -> 0 | J37: =J36-Q37 -> 0 | V37: =SUM(K37:Q37) -> 0
A38: 35 | B38: =1180-C38 -> 1180 | C38: =SUM(D38:J38) -> 0 | D38: =D37-K38 -> 0 | E38: =E37-L38 -> 0 | F38: =F37-M38 -> 0 | G38: =G37-N38 -> 0 | H38: =H37-O38 -> 0 | I38: =I37-P38 -> 0 | J38: =J37-Q38 -> 0 | V38: =SUM(K38:Q38) -> 0
A39: 36 | B39: =1180-C39 -> 1180 | C39: =SUM(D39:J39) -> 0 | D39: =D38-K39 -> 0 | E39: =E38-L39 -> 0 | F39: =F38-M39 -> 0 | G39: =G38-N39 -> 0 | H39: =H38-O39 -> 0 | I39: =I38-P39 -> 0 | J39: =J38-Q39 -> 0 | V39: =SUM(K39:Q39) -> 0
A40: 37 | B40: =1180-C40 -> 1180 | C40: =SUM(D40:J40) -> 0 | D40: =D39-K40 -> 0 | E40: =E39-L40 -> 0 | F40: =F39-M40 -> 0 | G40: =G39-N40 -> 0 | H40: =H39-O40 -> 0 | I40: =I39-P40 -> 0 | J40: =J39-Q40 -> 0 | V40: =SUM(K40:Q40) -> 0
A41: 38 | B41: =1180-C41 -> 1180 | C41: =SUM(D41:J41) -> 0 | D41: =D40-K41 -> 0 | E41: =E40-L41 -> 0 | F41: =F40-M41 -> 0 | G41: =G40-N41 -> 0 | H41: =H40-O41 -> 0 | I41: =I40-P41 -> 0 | J41: =J40-Q41 -> 0 | V41: =SUM(K41:Q41) -> 0
A42: 39 | B42: =1180-C42 -> 1180 | C42: =SUM(D42:J42) -> 0 | D42: =D41-K42 -> 0 | E42: =E41-L42 -> 0 | F42: =F41-M42 -> 0 | G42: =G41-N42 -> 0 | H42: =H41-O42 -> 0 | I42: =I41-P42 -> 0 | J42: =J41-Q42 -> 0 | V42: =SUM(K42:Q42) -> 0
A43: 40 | B43: =1180-C43 -> 1180 | C43: =SUM(D43:J43) -> 0 | D43: =D42-K43 -> 0 | E43: =E42-L43 -> 0 | F43: =F42-M43 -> 0 | G43: =G42-N43 -> 0 | H43: =H42-O43 -> 0 | I43: =I42-P43 -> 0 | J43: =J42-Q43 -> 0 | V43: =SUM(K43:Q43) -> 0
A44: 41 | B44: =1180-C44 -> 1180 | C44: =SUM(D44:J44) -> 0 | D44: =D43-K44 -> 0 | E44: =E43-L44 -> 0 | F44: =F43-M44 -> 0 | G44: =G43-N44 -> 0 | H44: =H43-O44 -> 0 | I44: =I43-P44 -> 0 | J44: =J43-Q44 -> 0 | V44: =SUM(K44:Q44) -> 0
Q45: Overall 30 days average | V45: =AVERAGE(V4:V33) -> 0 | AE45: KBD
Q46: Overall 40 days average | V46: =AVERAGE(V4:V43) -> 0 | AE46: KBD
Q48: Total processing | V48: =SUM(V4:V43) -> 0 | AE48: KB
Q49: Opening | V49: =C3 -> 0 | AE49: KB
Q50: Delivery | V50: 2910 | AE50: KB
Q51: Closing | V51: =C44 -> 0 | AE51: KB | AF51: =V49+V50 -> 2910
AF52: =AF51-V48 -> 2910
Q53: Demurrage | V53: 3 | AE53: Days

Sheet Summary
C1: Summary for 40 days
A2: Scenario | B2: CDU-1 Rate 30 days | C2: CDU-1 Rate 40 days | D2: No. of Cargo Delivery | E2: Additional Freight Cost* | F2: Demurrage days | G2: Demurrage Cost** | H2: Total Crude Margin | I2: Net Profit Margin
B3: (kbd) | C3: (kbd) | D3: # | E3: (USD k) | F3: (day) | G3: (USD k) | H3: (USD k)
A4: Template | B4: =Template!V47 -> 0 | C4: =Template!V48 -> 0 | E4: =IF(D4>5,(D4-5)*600,0) -> 0 | F4: =Template!V55 -> 0 | G4: =F4*40 -> 0 | H4: =Template!W45 -> 0 | I4: =H4-E4-G4 -> 0 | J4: For M-2, Oct 2025
A5: Base case | B5: ='Base Case (Working)'!V47 -> 93.866667 | C5: ='Base Case (Working)'!V48 -> 92.875 | D5: 6 | E5: =IF(D5>5,(D5-5)*600,0) -> 600 | F5: ='Base Case (Working)'!V55 -> 3 | G5: =F5*40 -> 120 | H5: ='Base Case (Working)'!W45 -> 48296.19 | I5: =H5-E5-G5 -> 47576.19 | J5: PoC OASIS
A6: Scenario 2 | B6: ='Scenario 2'!V45 -> 94.229383 | C6: ='Scenario 2'!V46 -> 94.406234 | D6: 6 | E6: =IF(D6>5,(D6-5)*600,0) -> 600 | F6: ='Scenario 2'!V53 -> 1 | G6: =F6*40 -> 40 | H6: ='Scenario 2'!W44 -> 48301.771 | I6: =H6-E6-G6 -> 47661.771
A7: Scenario 3 | B7: ='Scenario 3'!X45 -> 93.310731 | C7: ='Scenario 3'!X46 -> 89.46 | D7: 6 | E7: =IF(D7>5,(D7-5)*600,0) -> 600 | F7: ='Scenario 3'!X53 -> 10 | G7: =F7*40 -> 400 | H7: ='Scenario 3'!Y44 -> 31138.906 | I7: =H7-E7-G7 -> 30138.906
A8: Scenario 4 | B8: ='Scenario 4'!V45 -> 90.233356 | C8: ='Scenario 4'!V46 -> 91.600017 | D8: 6 | E8: =IF(D8>5,(D8-5)*600,0) -> 600 | F8: ='Scenario 4'!V54 -> 3 | G8: =F8*40 -> 120 | H8: ='Scenario 4'!W44 -> 48187.418 | I8: =H8-E8-G8 -> 47467.418
A9: Sencario 5a | B9: ='Scenario 5a'!V45 -> 85.759932 | C9: ='Scenario 5a'!V46 -> 88.077825 | D9: 6 | E9: =IF(D9>5,(D9-5)*600,0) -> 600 | F9: ='Scenario 5a'!V54 -> 10 | G9: =F9*40 -> 400 | H9: ='Scenario 5a'!W44 -> 46835.401 | I9: =H9-E9-G9 -> 45835.401
A10: Sencario 5b | B10: ='Scenario 5b'!V45 -> 88.371994 | C10: ='Scenario 5b'!V46 -> 90.058408 | D10: 6 | E10: =IF(D10>5,(D10-5)*600,0) -> 600 | F10: ='Scenario 5b'!V54 -> 12 | G10: =F10*40 -> 480 | H10: ='Scenario 5b'!W44 -> 48171.737 | I10: =H10-E10-G10 -> 47091.737
A11: Sencario 5c | B11: ='Scenario 5c'!V45 -> 95.233356 | C11: ='Scenario 5c'!V46 -> 95.225017 | D11: 6 | E11: =IF(D11>5,(D11-5)*600,0) -> 600 | F11: ='Scenario 5c'!V54 -> 9 | G11: =F11*40 -> 360 | H11: ='Scenario 5c'!W44 -> 50107.549 | I11: =H11-E11-G11 -> 49147.549
A15: Reference:
B16: = Auto-calculate formula
B17: = User input
B18: Margin (USD/bbl)
B19: Crude Grade | C19: Oct
A20: Tapis | B20: Base | C20: 15.85
A21: Dulang | B21: A | C21: 18.47
A22: Jitang | B22: B | C22: 15.71
A23: Sepat | B23: C | C23: 19.24
A24: KimC (condy) | B24: D | C24: 11.19
A25: Kimanis (crude) | B25: E | C25: 9.98
A26: Bintulu | B26: F | C26: 9.97
A27: Cendor | B27: G
A28: Kidurong | B28: H
A30: *no additional freight cost up to 5 delivery per month. Freight cost: USD 600k/ delivery if more than 5 cargo delivery)
A31: **Demurrage cost : | B31: USD 40k/ day

Sheet Template
B1: All in KB | D1: Tapis | E1: Dulang | F1: Jitang | G1: Sepat | H1: KIMC | I1: Kimanis | J1: Bintulu
A2: Day | B2: Ullage | C2: Processing Inventory | D2: Inventory_Base | E2: Inventory_A | F2: Inventory_B | G2: Inventory_C | H2: Inventory_D | I2: Inventory_E | J2: Inventory_F | K2: Rate_Base | L2: Rate_A | M2: Rate_B | N2: Rate_C | O2: Rate_D | P2: Rate_E | Q2: Rate_F | R2: primary_grade | S2: secondary_grade | T2: primary_rate | U2: secondary_rate | V2: total_rate | W2: Crude Margin (USD k) | X2: ratio | Y2: capacity_used | Z2: capacity_limit | AA2: Tank 1 | AB2: Tank 2 | AC2: Tank 3 | AD2: Tank 4 | AE2: Tank 5 | AF2: Delivery 1 | AG2: Delivery 2 | AH2: Delivery 3 | AI2: Delivery 4 | AJ2: Delivery 5 | AK2: Delivery 6 | AL2: Comment
A3: 0 | B3: =1180-C3 -> 130 | C3: =SUM(D3:J3) -> 1050 | D3: 350 | E3: 0 | F3: 150 | G3: 150 | H3: 100 | I3: 0 | J3: 300 | K3: 0 | L3: 0 | M3: 0 | N3: 0 | O3: 0 | P3: 0 | Q3: 0 | V3: 0
A4: 1 | B4: =1180-C4 -> 130 | C4: =SUM(D4:J4) -> 1050 | D4: =D3-K4 -> 350 | E4: =E3-L4 -> 0 | F4: =F3-M4 -> 150 | G4: =G3-N4 -> 150 | H4: =H3-O4 -> 100 | I4: =I3-P4 -> 0 | J4: =J3-Q4 -> 300 | R4: C | S4: D | T4: 57.6 | U4: 38.4 | V4: =SUM(K4:Q4) -> 0 | W4: =Summary!$C$20*K4+Summary!$C$21*L4+Summary!$C$22*M4+Summary!$C$23*N4+Summary!$C$24*O4+Summary!$C$25*P4+Summary!$C$26*Q4 -> 0 | X4: 0.60:0.40 | Y4: 96 | Z4: 96
A5: 2 | B5: =1180-C5 -> 130 | C5: =SUM(D5:J5) -> 1050 | D5: =D4-K5 -> 350 | E5: =E4-L5 -> 0 | F5: =F4-M5 -> 150 | G5: =G4-N5 -> 150 | H5: =H4-O5 -> 100 | I5: =I4-P5 -> 0 | J5: =J4-Q5 -> 300 | R5: C | S5: D | T5: 57.6 | U5: 38.4 | V5: =SUM(K5:Q5) -> 0 | W5: =Summary!$C$20*K5+Summary!$C$21*L5+Summary!$C$22*M5+Summary!$C$23*N5+Summary!$C$24*O5+Summary!$C$25*P5+Summary!$C$26*Q5 -> 0 | X5: 0.60:0.40 | Y5: 96 | Z5: 96
A6: 3 | B6: =1180-C6 -> 130 | C6: =SUM(D6:J6) -> 1050 | D6: =D5-K6 -> 350 | E6: =E5-L6 -> 0 | F6: =F5-M6 -> 150 | G6: =G5-N6 -> 150 | H6: =H5-O6 -> 100 | I6: =I5-P6 -> 0 | J6: =J5-Q6 -> 300 | R6: C | S6: D | T6: 34.8 | U6: 23.2 | V6: =SUM(K6:Q6) -> 0 | W6: =Summary!$C$20*K6+Summary!$C$21*L6+Summary!$C$22*M6+Summary!$C$23*N6+Summary!$C$24*O6+Summary!$C$25*P6+Summary!$C$26*Q6 -> 0 | X6: 0.60:0.40 | Y6: 58 | Z6: 96
A7: 4 | B7: =1180-C7 -> 130 | C7: =SUM(D7:J7) -> 1050 | D7: =D6-K7 -> 350 | E7: =E6-L7 -> 0 | F7: =F6-M7 -> 150 | G7: =G6-N7 -> 150 | H7: =H6-O7 -> 100 | I7: =I6-P7 -> 0 | J7: =J6-Q7 -> 300 | R7: B | S7: Base | T7: 25.65 | U7: 69.35 | V7: =SUM(K7:Q7) -> 0 | W7: =Summary!$C$20*K7+Summary!$C$21*L7+Summary!$C$22*M7+Summary!$C$23*N7+Summary!$C$24*O7+Summary!$C$25*P7+Summary!$C$26*Q7 -> 0 | X7: 0.27:0.73 | Y7: 95 | Z7: 95
A8: 5 | B8: =1180-C8 -> 130 | C8: =SUM(D8:J8) -> 1050 | D8: =D7-K8 -> 350 | E8: =E7-L8 -> 0 | F8: =F7-M8 -> 150 | G8: =G7-N8 -> 150 | H8: =H7-O8 -> 100 | I8: =I7-P8 -> 0 | J8: =J7-Q8 -> 300 | R8: A | S8: Base | T8: 25.92 | U8: 70.08 | V8: =SUM(K8:Q8) -> 0 | W8: =Summary!$C$20*K8+Summary!$C$21*L8+Summary!$C$22*M8+Summary!$C$23*N8+Summary!$C$24*O8+Summary!$C$25*P8+Summary!$C$26*Q8 -> 0 | X8: 0.27:0.73 | Y8: 96 | Z8: 96
A9: 6 | B9: =1180-C9 -> -420 | C9: =SUM(D9:J9) -> 1600 | D9: =D8-K9+400 -> 750 | E9: =E8-L9+150 -> 150 | F9: =F8-M9 -> 150 | G9: =G8-N9 -> 150 | H9: =H8-O9 -> 100 | I9: =I8-P9 -> 0 | J9: =J8-Q9 -> 300 | R9: A | S9: Base | T9: 25.92 | U9: 70.08 | V9: =SUM(K9:Q9) -> 0 | W9: =Summary!$C$20*K9+Summary!$C$21*L9+Summary!$C$22*M9+Summary!$C$23*N9+Summary!$C$24*O9+Summary!$C$25*P9+Summary!$C$26*Q9 -> 0 | X9: 0.27:0.73 | Y9: 96 | Z9: 96
A10: 7 | B10: =1180-C10 -> -420 | C10: =SUM(D10:J10) -> 1600 | D10: =D9-K10 -> 750 | E10: =E9-L10 -> 150 | F10: =F9-M10 -> 150 | G10: =G9-N10 -> 150 | H10: =H9-O10 -> 100 | I10: =I9-P10 -> 0 | J10: =J9-Q10 -> 300 | R10: A | S10: Base | T10: 25.92 | U10: 70.08 | V10: =SUM(K10:Q10) -> 0 | W10: =Summary!$C$20*K10+Summary!$C$21*L10+Summary!$C$22*M10+Summary!$C$23*N10+Summary!$C$24*O10+Summary!$C$25*P10+Summary!$C$26*Q10 -> 0 | X10: 0.27:0.73 | Y10: 96 | Z10: 96
A11: 8 | B11: =1180-C11 -> -420 | C11: =SUM(D11:J11) -> 1600 | D11: =D10-K11 -> 750 | E11: =E10-L11 -> 150 | F11: =F10-M11 -> 150 | G11: =G10-N11 -> 150 | H11: =H10-O11 -> 100 | I11: =I10-P11 -> 0 | J11: =J10-Q11 -> 300 | R11: A | S11: Base | T11: 25.92 | U11: 70.08 | V11: =SUM(K11:Q11) -> 0 | W11: =Summary!$C$20*K11+Summary!$C$21*L11+Summary!$C$22*M11+Summary!$C$23*N11+Summary!$C$24*O11+Summary!$C$25*P11+Summary!$C$26*Q11 -> 0 | X11: 0.27:0.73 | Y11: 96 | Z11: 96
A12: 9 | B12: =1180-C12 -> -420 | C12: =SUM(D12:J12) -> 1600 | D12: =D11-K12 -> 750 | E12: =E11-L12 -> 150 | F12: =F11-M12 -> 150 | G12: =G11-N12 -> 150 | H12: =H11-O12 -> 100 | I12: =I11-P12 -> 0 | J12: =J11-Q12 -> 300 | R12: A | S12: Base | T12: 25.92 | U12: 70.08 | V12: =SUM(K12:Q12) -> 0 | W12: =Summary!$C$20*K12+Summary!$C$21*L12+Summary!$C$22*M12+Summary!$C$23*N12+Summary!$C$24*O12+Summary!$C$25*P12+Summary!$C$26*Q12 -> 0 | X12: 0.27:0.73 | Y12: 96 | Z12: 96
A13: 10 | B13: =1180-C13 -> -420 | C13: =SUM(D13:J13) -> 1600 | D13: =D12-K13 -> 750 | E13: =E12-L13 -> 150 | F13: =F12-M13 -> 150 | G13: =G12-N13 -> 150 | H13: =H12-O13 -> 100 | I13: =I12-P13 -> 0 | J13: =J12-Q13 -> 300 | R13: A | S13: Base | T13: 20.4 | U13: 55.155556 | V13: =SUM(K13:Q13) -> 0 | W13: =Summary!$C$20*K13+Summary!$C$21*L13+Summary!$C$22*M13+Summary!$C$23*N13+Summary!$C$24*O13+Summary!$C$25*P13+Summary!$C$26*Q13 -> 0 | X13: 0.27:0.73 | Y13: 75.555556 | Z13: 96
A14: 11 | B14: =1180-C14 -> -420 | C14: =SUM(D14:J14) -> 1600 | D14: =D13-K14 -> 750 | E14: =E13-L14 -> 150 | F14: =F13-M14 -> 150 | G14: =G13-N14 -> 150 | H14: =H13-O14 -> 100 | I14: =I13-P14 -> 0 | J14: =J13-Q14 -> 300 | R14: B | S14: Base | T14: 25.65 | U14: 69.35 | V14: =SUM(K14:Q14) -> 0 | W14: =Summary!$C$20*K14+Summary!$C$21*L14+Summary!$C$22*M14+Summary!$C$23*N14+Summary!$C$24*O14+Summary!$C$25*P14+Summary!$C$26*Q14 -> 0 | X14: 0.27:0.73 | Y14: 95 | Z14: 95
A15: 12 | B15: =1180-C15 -> -990 | C15: =SUM(D15:J15) -> 2170 | D15: =D14-K15 -> 750 | E15: =E14-L15 -> 150 | F15: =F14-M15 -> 150 | G15: =G14-N15 -> 150 | H15: =H14-O15 -> 100 | I15: =I14-P15+250 -> 250 | J15: =J14-Q15+320 -> 620 | R15: B | S15: Base | T15: 25.65 | U15: 69.35 | V15: =SUM(K15:Q15) -> 0 | W15: =Summary!$C$20*K15+Summary!$C$21*L15+Summary!$C$22*M15+Summary!$C$23*N15+Summary!$C$24*O15+Summary!$C$25*P15+Summary!$C$26*Q15 -> 0 | X15: 0.27:0.73 | Y15: 95 | Z15: 95
A16: 13 | B16: =1180-C16 -> -990 | C16: =SUM(D16:J16) -> 2170 | D16: =D15-K16 -> 750 | E16: =E15-L16 -> 150 | F16: =F15-M16 -> 150 | G16: =G15-N16 -> 150 | H16: =H15-O16 -> 100 | I16: =I15-P16 -> 250 | J16: =J15-Q16 -> 620 | R16: B | S16: Base | T16: 25.65 | U16: 69.35 | V16: =SUM(K16:Q16) -> 0 | W16: =Summary!$C$20*K16+Summary!$C$21*L16+Summary!$C$22*M16+Summary!$C$23*N16+Summary!$C$24*O16+Summary!$C$25*P16+Summary!$C$26*Q16 -> 0 | X16: 0.27:0.73 | Y16: 95 | Z16: 95
A17: 14 | B17: =1180-C17 -> -1140 | C17: =SUM(D17:J17) -> 2320 | D17: =D16-K17 -> 750 | E17: =E16-L17 -> 150 | F17: =F16-M17 + 150 -> 300 | G17: =G16-N17 -> 150 | H17: =H16-O17 -> 100 | I17: =I16-P17 -> 250 | J17: =J16-Q17 -> 620 | R17: B | S17: Base | T17: 24.79726 | U17: 67.044444 | V17: =SUM(K17:Q17) -> 0 | W17: =Summary!$C$20*K17+Summary!$C$21*L17+Summary!$C$22*M17+Summary!$C$23*N17+Summary!$C$24*O17+Summary!$C$25*P17+Summary!$C$26*Q17 -> 0 | X17: 0.27:0.73 | Y17: 91.841705 | Z17: 95
A18: 15 | B18: =1180-C18 -> -1140 | C18: =SUM(D18:J18) -> 2320 | D18: =D17-K18 -> 750 | E18: =E17-L18 -> 150 | F18: =F17-M18 -> 300 | G18: =G17-N18 -> 150 | H18: =H17-O18 -> 100 | I18: =I17-P18 -> 250 | J18: =J17-Q18 -> 620 | R18: C | T18: 7.1054274e-15 | U18: 0 | V18: =SUM(K18:Q18) -> 0 | W18: =Summary!$C$20*K18+Summary!$C$21*L18+Summary!$C$22*M18+Summary!$C$23*N18+Summary!$C$24*O18+Summary!$C$25*P18+Summary!$C$26*Q18 -> 0 | X18: 1.00:0.00 | Y18: 7.1054274e-15 | Z18: 96
A19: 16 | B19: =1180-C19 -> -1140 | C19: =SUM(D19:J19) -> 2320 | D19: =D18-K19 -> 750 | E19: =E18-L19 -> 150 | F19: =F18-M19 -> 300 | G19: =G18-N19 -> 150 | H19: =H18-O19 -> 100 | I19: =I18-P19 -> 250 | J19: =J18-Q19 -> 620 | R19: B | T19: 95 | U19: 0 | V19: =SUM(K19:Q19) -> 0 | W19: =Summary!$C$20*K19+Summary!$C$21*L19+Summary!$C$22*M19+Summary!$C$23*N19+Summary!$C$24*O19+Summary!$C$25*P19+Summary!$C$26*Q19 -> 0 | X19: 1.00:0.00 | Y19: 95 | Z19: 95
A20: 17 | B20: =1180-C20 -> -1140 | C20: =SUM(D20:J20) -> 2320 | D20: =D19-K20 -> 750 | E20: =E19-L20 -> 150 | F20: =F19-M20 -> 300 | G20: =G19-N20 -> 150 | H20: =H19-O20 -> 100 | I20: =I19-P20 -> 250 | J20: =J19-Q20 -> 620 | R20: B | T20: 77.60274 | U20: 0 | V20: =SUM(K20:Q20) -> 0 | W20: =Summary!$C$20*K20+Summary!$C$21*L20+Summary!$C$22*M20+Summary!$C$23*N20+Summary!$C$24*O20+Summary!$C$25*P20+Summary!$C$26*Q20 -> 0 | X20: 1.00:0.00 | Y20: 77.60274 | Z20: 95
A21: 18 | B21: =1180-C21 -> -1690 | C21: =SUM(D21:J21) -> 2870 | D21: =D20-K21 -> 750 | E21: =E20-L21 -> 150 | F21: =F20-M21 -> 300 | G21: =G20-N21 -> 150 | H21: =H20-O21 -> 100 | I21: =I20-P21+550 -> 800 | J21: =J20-Q21 -> 620 | R21: E | T21: 95 | U21: 0 | V21: =SUM(K21:Q21) -> 0 | W21: =Summary!$C$20*K21+Summary!$C$21*L21+Summary!$C$22*M21+Summary!$C$23*N21+Summary!$C$24*O21+Summary!$C$25*P21+Summary!$C$26*Q21 -> 0 | X21: 1.00:0.00 | Y21: 95 | Z21: 95
A22: 19 | B22: =1180-C22 -> -1690 | C22: =SUM(D22:J22) -> 2870 | D22: =D21-K22 -> 750 | E22: =E21-L22 -> 150 | F22: =F21-M22 -> 300 | G22: =G21-N22 -> 150 | H22: =H21-O22 -> 100 | I22: =I21-P22 -> 800 | J22: =J21-Q22 -> 620 | R22: C | T22: 96 | U22: 0 | V22: =SUM(K22:Q22) -> 0 | W22: =Summary!$C$20*K22+Summary!$C$21*L22+Summary!$C$22*M22+Summary!$C$23*N22+Summary!$C$24*O22+Summary!$C$25*P22+Summary!$C$26*Q22 -> 0 | X22: 1.00:0.00 | Y22: 96 | Z22: 96
A23: 20 | B23: =1180-C23 -> -1690 | C23: =SUM(D23:J23) -> 2870 | D23: =D22-K23 -> 750 | E23: =E22-L23 -> 150 | F23: =F22-M23 -> 300 | G23: =G22-N23 -> 150 | H23: =H22-O23 -> 100 | I23: =I22-P23 -> 800 | J23: =J22-Q23 -> 620 | R23: C | T23: 96 | U23: 0 | V23: =SUM(K23:Q23) -> 0 | W23: =Summary!$C$20*K23+Summary!$C$21*L23+Summary!$C$22*M23+Summary!$C$23*N23+Summary!$C$24*O23+Summary!$C$25*P23+Summary!$C$26*Q23 -> 0 | X23: 1.00:0.00 | Y23: 96 | Z23: 96
A24: 21 | B24: =1180-C24 -> -1690 | C24: =SUM(D24:J24) -> 2870 | D24: =D23-K24 -> 750 | E24: =E23-L24 -> 150 | F24: =F23-M24 -> 300 | G24: =G23-N24 -> 150 | H24: =H23-O24 -> 100 | I24: =I23-P24 -> 800 | J24: =J23-Q24 -> 620 | R24: C | T24: 8 | U24: 0 | V24: =SUM(K24:Q24) -> 0 | W24: =Summary!$C$20*K24+Summary!$C$21*L24+Summary!$C$22*M24+Summary!$C$23*N24+Summary!$C$24*O24+Summary!$C$25*P24+Summary!$C$26*Q24 -> 0 | X24: 1.00:0.00 | Y24: 8 | Z24: 96
A25: 22 | B25: =1180-C25 -> -1690 | C25: =SUM(D25:J25) -> 2870 | D25: =D24-K25 -> 750 | E25: =E24-L25 -> 150 | F25: =F24-M25 -> 300 | G25: =G24-N25 -> 150 | H25: =H24-O25 -> 100 | I25: =I24-P25 -> 800 | J25: =J24-Q25 -> 620 | R25: Base | T25: 87 | U25: 0 | V25: =SUM(K25:Q25) -> 0 | W25: =Summary!$C$20*K25+Summary!$C$21*L25+Summary!$C$22*M25+Summary!$C$23*N25+Summary!$C$24*O25+Summary!$C$25*P25+Summary!$C$26*Q25 -> 0 | X25: 1.00:0.00 | Y25: 87 | Z25: 87
A26: 23 | B26: =1180-C26 -> -1690 | C26: =SUM(D26:J26) -> 2870 | D26: =D25-K26 -> 750 | E26: =E25-L26 -> 150 | F26: =F25-M26 -> 300 | G26: =G25-N26 -> 150 | H26: =H25-O26 -> 100 | I26: =I25-P26 -> 800 | J26: =J25-Q26 -> 620 | R26: Base | T26: 87 | U26: 0 | V26: =SUM(K26:Q26) -> 0 | W26: =Summary!$C$20*K26+Summary!$C$21*L26+Summary!$C$22*M26+Summary!$C$23*N26+Summary!$C$24*O26+Summary!$C$25*P26+Summary!$C$26*Q26 -> 0 | X26: 1.00:0.00 | Y26: 87 | Z26: 87
A27: 24 | B27: =1180-C27 -> -2250 | C27: =SUM(D27:J27) -> 3430 | D27: =D26-K27+360 -> 1110 | E27: =E26-L27 -> 150 | F27: =F26-M27 -> 300 | G27: =G26-N27+200 -> 350 | H27: =H26-O27 -> 100 | I27: =I26-P27 -> 800 | J27: =J26-Q27 -> 620 | R27: Base | T27: 87 | U27: 0 | V27: =SUM(K27:Q27) -> 0 | W27: =Summary!$C$20*K27+Summary!$C$21*L27+Summary!$C$22*M27+Summary!$C$23*N27+Summary!$C$24*O27+Summary!$C$25*P27+Summary!$C$26*Q27 -> 0 | X27: 1.00:0.00 | Y27: 87 | Z27: 87
A28: 25 | B28: =1180-C28 -> -2250 | C28: =SUM(D28:J28) -> 3430 | D28: =D27-K28 -> 1110 | E28: =E27-L28 -> 150 | F28: =F27-M28 -> 300 | G28: =G27-N28 -> 350 | H28: =H27-O28 -> 100 | I28: =I27-P28 -> 800 | J28: =J27-Q28 -> 620 | R28: Base | T28: 87 | U28: 0 | V28: =SUM(K28:Q28) -> 0 | W28: =Summary!$C$20*K28+Summary!$C$21*L28+Summary!$C$22*M28+Summary!$C$23*N28+Summary!$C$24*O28+Summary!$C$25*P28+Summary!$C$26*Q28 -> 0 | X28: 1.00:0.00 | Y28: 87 | Z28: 87
A29: 26 | B29: =1180-C29 -> -2250 | C29: =SUM(D29:J29) -> 3430 | D29: =D28-K29 -> 1110 | E29: =E28-L29 -> 150 | F29: =F28-M29 -> 300 | G29: =G28-N29 -> 350 | H29: =H28-O29 -> 100 | I29: =I28-P29 -> 800 | J29: =J28-Q29 -> 620 | R29: Base | T29: 12 | U29: 0 | V29: =SUM(K29:Q29) -> 0 | W29: =Summary!$C$20*K29+Summary!$C$21*L29+Summary!$C$22*M29+Summary!$C$23*N29+Summary!$C$24*O29+Summary!$C$25*P29+Summary!$C$26*Q29 -> 0 | X29: 1.00:0.00 | Y29: 12 | Z29: 87
A30: 27 | B30: =1180-C30 -> -2250 | C30: =SUM(D30:J30) -> 3430 | D30: =D29-K30 -> 1110 | E30: =E29-L30 -> 150 | F30: =F29-M30 -> 300 | G30: =G29-N30 -> 350 | H30: =H29-O30 -> 100 | I30: =I29-P30 -> 800 | J30: =J29-Q30 -> 620 | R30: D | T30: 95 | U30: 0 | V30: =SUM(K30:Q30) -> 0 | W30: =Summary!$C$20*K30+Summary!$C$21*L30+Summary!$C$22*M30+Summary!$C$23*N30+Summary!$C$24*O30+Summary!$C$25*P30+Summary!$C$26*Q30 -> 0 | X30: 1.00:0.00 | Y30: 95 | Z30: 95
A31: 28 | B31: =1180-C31 -> -2250 | C31: =SUM(D31:J31) -> 3430 | D31: =D30-K31 -> 1110 | E31: =E30-L31 -> 150 | F31: =F30-M31 -> 300 | G31: =G30-N31 -> 350 | H31: =H30-O31 -> 100 | I31: =I30-P31 -> 800 | J31: =J30-Q31 -> 620 | R31: D | T31: 55 | U31: 0 | V31: =SUM(K31:Q31) -> 0 | W31: =Summary!$C$20*K31+Summary!$C$21*L31+Summary!$C$22*M31+Summary!$C$23*N31+Summary!$C$24*O31+Summary!$C$25*P31+Summary!$C$26*Q31 -> 0 | X31: 1.00:0.00 | Y31: 55 | Z31: 95
A32: 29 | B32: =1180-C32 -> -2780 | C32: =SUM(D32:J32) -> 3960 | D32: =D31-K32 -> 1110 | E32: =E31-L32 -> 150 | F32: =F31-M32 -> 300 | G32: =G31-N32 -> 350 | H32: =H31-O32+150 -> 250 | I32: =I31-P32+100 -> 900 | J32: =J31-Q32+280 -> 900 | R32: E | T32: 95 | U32: 0 | V32: =SUM(K32:Q32) -> 0 | W32: =Summary!$C$20*K32+Summary!$C$21*L32+Summary!$C$22*M32+Summary!$C$23*N32+Summary!$C$24*O32+Summary!$C$25*P32+Summary!$C$26*Q32 -> 0 | X32: 1.00:0.00 | Y32: 95 | Z32: 95
A33: 30 | B33: =1180-C33 -> -2780 | C33: =SUM(D33:J33) -> 3960 | D33: =D32-K33 -> 1110 | E33: =E32-L33 -> 150 | F33: =F32-M33 -> 300 | G33: =G32-N33 -> 350 | H33: =H32-O33 -> 250 | I33: =I32-P33 -> 900 | J33: =J32-Q33 -> 900 | R33: E | T33: 95 | U33: 0 | V33: =SUM(K33:Q33) -> 0 | W33: =Summary!$C$20*K33+Summary!$C$21*L33+Summary!$C$22*M33+Summary!$C$23*N33+Summary!$C$24*O33+Summary!$C$25*P33+Summary!$C$26*Q33 -> 0 | X33: 1.00:0.00 | Y33: 95 | Z33: 95
A34: 31 | B34: =1180-C34 -> -2780 | C34: =SUM(D34:J34) -> 3960 | D34: =D33-K34 -> 1110 | E34: =E33-L34 -> 150 | F34: =F33-M34 -> 300 | G34: =G33-N34 -> 350 | H34: =H33-O34 -> 250 | I34: =I33-P34 -> 900 | J34: =J33-Q34 -> 900 | V34: =SUM(K34:Q34) -> 0 | W34: =Summary!$C$20*K34+Summary!$C$21*L34+Summary!$C$22*M34+Summary!$C$23*N34+Summary!$C$24*O34+Summary!$C$25*P34+Summary!$C$26*Q34 -> 0
A35: 32 | B35: =1180-C35 -> -2780 | C35: =SUM(D35:J35) -> 3960 | D35: =D34-K35 -> 1110 | E35: =E34-L35 -> 150 | F35: =F34-M35 -> 300 | G35: =G34-N35 -> 350 | H35: =H34-O35 -> 250 | I35: =I34-P35 -> 900 | J35: =J34-Q35 -> 900 | V35: =SUM(K35:Q35) -> 0 | W35: =Summary!$C$20*K35+Summary!$C$21*L35+Summary!$C$22*M35+Summary!$C$23*N35+Summary!$C$24*O35+Summary!$C$25*P35+Summary!$C$26*Q35 -> 0
A36: 33 | B36: =1180-C36 -> -2780 | C36: =SUM(D36:J36) -> 3960 | D36: =D35-K36 -> 1110 | E36: =E35-L36 -> 150 | F36: =F35-M36 -> 300 | G36: =G35-N36 -> 350 | H36: =H35-O36 -> 250 | I36: =I35-P36 -> 900 | J36: =J35-Q36 -> 900 | V36: =SUM(K36:Q36) -> 0 | W36: =Summary!$C$20*K36+Summary!$C$21*L36+Summary!$C$22*M36+Summary!$C$23*N36+Summary!$C$24*O36+Summary!$C$25*P36+Summary!$C$26*Q36 -> 0
A37: 34 | B37: =1180-C37 -> -2780 | C37: =SUM(D37:J37) -> 3960 | D37: =D36-K37 -> 1110 | E37: =E36-L37 -> 150 | F37: =F36-M37 -> 300 | G37: =G36-N37 -> 350 | H37: =H36-O37 -> 250 | I37: =I36-P37 -> 900 | J37: =J36-Q37 -> 900 | V37: =SUM(K37:Q37) -> 0 | W37: =Summary!$C$20*K37+Summary!$C$21*L37+Summary!$C$22*M37+Summary!$C$23*N37+Summary!$C$24*O37+Summary!$C$25*P37+Summary!$C$26*Q37 -> 0
A38: 35 | B38: =1180-C38 -> -2780 | C38: =SUM(D38:J38) -> 3960 | D38: =D37-K38 -> 1110 | E38: =E37-L38 -> 150 | F38: =F37-M38 -> 300 | G38: =G37-N38 -> 350 | H38: =H37-O38 -> 250 | I38: =I37-P38 -> 900 | J38: =J37-Q38 -> 900 | V38: =SUM(K38:Q38) -> 0 | W38: =Summary!$C$20*K38+Summary!$C$21*L38+Summary!$C$22*M38+Summary!$C$23*N38+Summary!$C$24*O38+Summary!$C$25*P38+Summary!$C$26*Q38 -> 0
A39: 36 | B39: =1180-C39 -> -2780 | C39: =SUM(D39:J39) -> 3960 | D39: =D38-K39 -> 1110 | E39: =E38-L39 -> 150 | F39: =F38-M39 -> 300 | G39: =G38-N39 -> 350 | H39: =H38-O39 -> 250 | I39: =I38-P39 -> 900 | J39: =J38-Q39 -> 900 | V39: =SUM(K39:Q39) -> 0 | W39: =Summary!$C$20*K39+Summary!$C$21*L39+Summary!$C$22*M39+Summary!$C$23*N39+Summary!$C$24*O39+Summary!$C$25*P39+Summary!$C$26*Q39 -> 0
A40: 37 | B40: =1180-C40 -> -2780 | C40: =SUM(D40:J40) -> 3960 | D40: =D39-K40 -> 1110 | E40: =E39-L40 -> 150 | F40: =F39-M40 -> 300 | G40: =G39-N40 -> 350 | H40: =H39-O40 -> 250 | I40: =I39-P40 -> 900 | J40: =J39-Q40 -> 900 | V40: =SUM(K40:Q40) -> 0 | W40: =Summary!$C$20*K40+Summary!$C$21*L40+Summary!$C$22*M40+Summary!$C$23*N40+Summary!$C$24*O40+Summary!$C$25*P40+Summary!$C$26*Q40 -> 0
A41: 38 | B41: =1180-C41 -> -2780 | C41: =SUM(D41:J41) -> 3960 | D41: =D40-K41 -> 1110 | E41: =E40-L41 -> 150 | F41: =F40-M41 -> 300 | G41: =G40-N41 -> 350 | H41: =H40-O41 -> 250 | I41: =I40-P41 -> 900 | J41: =J40-Q41 -> 900 | V41: =SUM(K41:Q41) -> 0 | W41: =Summary!$C$20*K41+Summary!$C$21*L41+Summary!$C$22*M41+Summary!$C$23*N41+Summary!$C$24*O41+Summary!$C$25*P41+Summary!$C$26*Q41 -> 0
A42: 39 | B42: =1180-C42 -> -2780 | C42: =SUM(D42:J42) -> 3960 | D42: =D41-K42 -> 1110 | E42: =E41-L42 -> 150 | F42: =F41-M42 -> 300 | G42: =G41-N42 -> 350 | H42: =H41-O42 -> 250 | I42: =I41-P42 -> 900 | J42: =J41-Q42 -> 900 | V42: =SUM(K42:Q42) -> 0 | W42: =Summary!$C$20*K42+Summary!$C$21*L42+Summary!$C$22*M42+Summary!$C$23*N42+Summary!$C$24*O42+Summary!$C$25*P42+Summary!$C$26*Q42 -> 0
A43: 40 | B43: =1180-C43 -> -2780 | C43: =SUM(D43:J43) -> 3960 | D43: =D42-K43 -> 1110 | E43: =E42-L43 -> 150 | F43: =F42-M43 -> 300 | G43: =G42-N43 -> 350 | H43: =H42-O43 -> 250 | I43: =I42-P43 -> 900 | J43: =J42-Q43 -> 900 | V43: =SUM(K43:Q43) -> 0 | W43: =Summary!$C$20*K43+Summary!$C$21*L43+Summary!$C$22*M43+Summary!$C$23*N43+Summary!$C$24*O43+Summary!$C$25*P43+Summary!$C$26*Q43 -> 0
J45: Total (40d): | K45: =SUM(K4:K43) -> 0 | L45: =SUM(L4:L43) -> 0 | M45: =SUM(M4:M43) -> 0 | N45: =SUM(N4:N43) -> 0 | O45: =SUM(O4:O43) -> 0 | P45: =SUM(P4:P43) -> 0 | Q45: =SUM(Q4:Q43) -> 0 | W45: =SUM(W4:W43) -> 0
Q47: Overall 30 days average | V47: =AVERAGE(V4:V33) -> 0 | W47: KBD
Q48: Overall 40 days average | V48: =AVERAGE(V4:V43) -> 0 | W48: KBD
Q50: Total processing | V50: =SUM(V4:V43) -> 0 | W50: KB
Q51: Opening | V51: =C3 -> 1050 | W51: KB
Q52: Delivery | V52: 2910 | W52: KB
Q53: Closing | V53: =C44 -> 0 | W53: KB | AG53: =V51+V52 -> 3960
AG54: =AG53-V50 -> 3960
Q55: Demurrage | W55: Days

Sheet Base Case (Working)
B1: All in KB | D1: Tapis | E1: Minas | F1: Jitang | G1: Sepat | H1: KIMC | I1: Kimanis | J1: Bintulu | K1: Tapis | L1: Minas | M1: Jitang | N1: Sepat | O1: KIMC | P1: Kimanis | Q1: Bintulu
A2: Day | B2: Ullage | C2: Processing Inventory | D2: Inventory_Base | E2: Inventory_A | F2: Inventory_B | G2: Inventory_C | H2: Inventory_D | I2: Inventory_E | J2: Inventory_F | K2: Rate_Base | L2: Rate_A | M2: Rate_B | N2: Rate_C | O2: Rate_D | P2: Rate_E | Q2: Rate_F | R2: primary_grade | S2: secondary_grade | T2: primary_rate | U2: secondary_rate | V2: total_rate | W2: Crude Margin (USD k) | X2: ratio | Y2: capacity_used | Z2: capacity_limit | AA2: Tank 1 | AB2: Tank 2 | AC2: Tank 3 | AD2: Tank 4 | AE2: Tank 5 | AF2: Delivery 1 | AG2: Delivery 2 | AH2: Delivery 3 | AI2: Delivery 4 | AJ2: Delivery 5 | AK2: Delivery 6 | AL2: Comment
A3: 0 | B3: =1180-C3 -> 393 | C3: =SUM(D3:J3) -> 787 | D3: =215+139 -> 354 | E3: 0 | F3: 0 | G3: 0 | H3: 0 | I3: 0 | J3: =51+286+96 -> 433 | K3: 0 | L3: 0 | M3: 0 | N3: 0 | O3: 0 | P3: 0 | Q3: 0 | V3: 0
A4: 1 | B4: =1180-C4 -> 158 | C4: =SUM(D4:J4) -> 1022 | D4: =D3-K4+160 -> 514 | E4: =E3-L4 -> 0 | F4: =F3-M4 -> 0 | G4: =G3-N4+170 -> 170 | H4: =H3-O4 -> 0 | I4: =I3-P4 -> 0 | J4: =J3-Q4 -> 338 | Q4: 95 | R4: C | S4: D | T4: 57.6 | U4: 38.4 | V4: =SUM(K4:Q4) -> 95 | W4: =Summary!$C$20*K4+Summary!$C$21*L4+Summary!$C$22*M4+Summary!$C$23*N4+Summary!$C$24*O4+Summary!$C$25*P4+Summary!$C$26*Q4 -> 947.15 | X4: 0.60:0.40 | Y4: 96 | Z4: 96 | AF4: Load Base (1-3)
A5: 2 | B5: =1180-C5 -> 253 | C5: =SUM(D5:J5) -> 927 | D5: =D4-K5 -> 514 | E5: =E4-L5 -> 0 | F5: =F4-M5 -> 0 | G5: =G4-N5 -> 170 | H5: =H4-O5 -> 0 | I5: =I4-P5 -> 0 | J5: =J4-Q5 -> 243 | Q5: 95 | R5: C | S5: D | T5: 57.6 | U5: 38.4 | V5: =SUM(K5:Q5) -> 95 | W5: =Summary!$C$20*K5+Summary!$C$21*L5+Summary!$C$22*M5+Summary!$C$23*N5+Summary!$C$24*O5+Summary!$C$25*P5+Summary!$C$26*Q5 -> 947.15 | X5: 0.60:0.40 | Y5: 96 | Z5: 96 | AF5: Load A (1-3)
A6: 3 | B6: =1180-C6 -> 348 | C6: =SUM(D6:J6) -> 832 | D6: =D5-K6 -> 514 | E6: =E5-L6 -> 0 | F6: =F5-M6 -> 0 | G6: =G5-N6 -> 170 | H6: =H5-O6 -> 0 | I6: =I5-P6 -> 0 | J6: =J5-Q6 -> 148 | Q6: 95 | R6: C | S6: D | T6: 34.8 | U6: 23.2 | V6: =SUM(K6:Q6) -> 95 | W6: =Summary!$C$20*K6+Summary!$C$21*L6+Summary!$C$22*M6+Summary!$C$23*N6+Summary!$C$24*O6+Summary!$C$25*P6+Summary!$C$26*Q6 -> 947.15 | X6: 0.60:0.40 | Y6: 58 | Z6: 96 | AF6: Sail
A7: 4 | B7: =1180-C7 -> 93 | C7: =SUM(D7:J7) -> 1087 | D7: =D6-K7 -> 514 | E7: =E6-L7 -> 0 | F7: =F6-M7 -> 0 | G7: =G6-N7 -> 170 | H7: =H6-O7 -> 0 | I7: =I6-P7+350 -> 350 | J7: =J6-Q7 -> 53 | Q7: 95 | R7: B | S7: Base | T7: 25.65 | U7: 69.35 | V7: =SUM(K7:Q7) -> 95 | W7: =Summary!$C$20*K7+Summary!$C$21*L7+Summary!$C$22*M7+Summary!$C$23*N7+Summary!$C$24*O7+Summary!$C$25*P7+Summary!$C$26*Q7 -> 947.15 | X7: 0.27:0.73 | Y7: 95 | Z7: 95 | AF7: Sail
A8: 5 | B8: =1180-C8 -> 188 | C8: =SUM(D8:J8) -> 992 | D8: =D7-K8 -> 484 | E8: =E7-L8 -> 0 | F8: =F7-M8 -> 0 | G8: =G7-N8 -> 158 | H8: =H7-O8 -> 0 | I8: =I7-P8 -> 350 | J8: =J7-Q8 -> 0 | K8: 30 | N8: 12 | Q8: 53 | R8: A | S8: Base | T8: 25.92 | U8: 70.08 | V8: =SUM(K8:Q8) -> 95 | W8: =Summary!$C$20*K8+Summary!$C$21*L8+Summary!$C$22*M8+Summary!$C$23*N8+Summary!$C$24*O8+Summary!$C$25*P8+Summary!$C$26*Q8 -> 1234.79 | X8: 0.27:0.73 | Y8: 96 | Z8: 96 | AF8: Discharge | AG8: Load E (5-7)
A9: 6 | B9: =1180-C9 -> 203 | C9: =SUM(D9:J9) -> 977 | D9: =D8-K9 -> 417 | E9: =E8-L9 -> 0 | F9: =F8-M9 -> 0 | G9: =G8-N9 -> 130 | H9: =H8-O9+80 -> 80 | I9: =I8-P9 -> 350 | J9: =J8-Q9 -> 0 | K9: 67 | N9: 28 | R9: A | S9: Base | T9: 25.92 | U9: 70.08 | V9: =SUM(K9:Q9) -> 95 | W9: =Summary!$C$20*K9+Summary!$C$21*L9+Summary!$C$22*M9+Summary!$C$23*N9+Summary!$C$24*O9+Summary!$C$25*P9+Summary!$C$26*Q9 -> 1600.67 | X9: 0.27:0.73 | Y9: 96 | Z9: 96 | AF9: Discharge | AG9: Sail to Sarawak
A10: 7 | B10: =1180-C10 -> 218 | C10: =SUM(D10:J10) -> 962 | D10: =D9-K10 -> 350 | E10: =E9-L10 -> 0 | F10: =F9-M10 -> 0 | G10: =G9-N10 -> 102 | H10: =H9-O10+80 -> 160 | I10: =I9-P10 -> 350 | J10: =J9-Q10 -> 0 | K10: 67 | N10: 28 | R10: A | S10: Base | T10: 25.92 | U10: 70.08 | V10: =SUM(K10:Q10) -> 95 | W10: =Summary!$C$20*K10+Summary!$C$21*L10+Summary!$C$22*M10+Summary!$C$23*N10+Summary!$C$24*O10+Summary!$C$25*P10+Summary!$C$26*Q10 -> 1600.67 | X10: 0.27:0.73 | Y10: 96 | Z10: 96 | AF10: Tk prep | AG10: Load F (5-7)
A11: 8 | B11: =1180-C11 -> 313 | C11: =SUM(D11:J11) -> 867 | D11: =D10-K11 -> 283 | E11: =E10-L11 -> 0 | F11: =F10-M11 -> 0 | G11: =G10-N11 -> 74 | H11: =H10-O11 -> 160 | I11: =I10-P11 -> 350 | J11: =J10-Q11 -> 0 | K11: 67 | N11: 28 | R11: A | S11: Base | T11: 25.92 | U11: 70.08 | V11: =SUM(K11:Q11) -> 95 | W11: =Summary!$C$20*K11+Summary!$C$21*L11+Summary!$C$22*M11+Summary!$C$23*N11+Summary!$C$24*O11+Summary!$C$25*P11+Summary!$C$26*Q11 -> 1600.67 | X11: 0.27:0.73 | Y11: 96 | Z11: 96 | AF11: Tk prep | AG11: Sail
A12: 9 | B12: =1180-C12 -> 158 | C12: =SUM(D12:J12) -> 1022 | D12: =D11-K12 -> 216 | E12: =E11-L12 -> 0 | F12: =F11-M12 -> 0 | G12: =G11-N12 -> 46 | H12: =H11-O12 -> 160 | I12: =I11-P12+250 -> 600 | J12: =J11-Q12 -> 0 | K12: 67 | N12: 28 | R12: A | S12: Base | T12: 25.92 | U12: 70.08 | V12: =SUM(K12:Q12) -> 95 | W12: =Summary!$C$20*K12+Summary!$C$21*L12+Summary!$C$22*M12+Summary!$C$23*N12+Summary!$C$24*O12+Summary!$C$25*P12+Summary!$C$26*Q12 -> 1600.67 | X12: 0.27:0.73 | Y12: 96 | Z12: 96 | AF12: Tk prep | AG12: Sail
A13: 10 | B13: =1180-C13 -> 253 | C13: =SUM(D13:J13) -> 927 | D13: =D12-K13 -> 149 | E13: =E12-L13 -> 0 | F13: =F12-M13 -> 0 | G13: =G12-N13 -> 18 | H13: =H12-O13 -> 160 | I13: =I12-P13 -> 600 | J13: =J12-Q13 -> 0 | K13: 67 | N13: 28 | R13: A | S13: Base | T13: 20.4 | U13: 55.155556 | V13: =SUM(K13:Q13) -> 95 | W13: =Summary!$C$20*K13+Summary!$C$21*L13+Summary!$C$22*M13+Summary!$C$23*N13+Summary!$C$24*O13+Summary!$C$25*P13+Summary!$C$26*Q13 -> 1600.67 | X13: 0.27:0.73 | Y13: 75.555556 | Z13: 96 | AF13: Base: 400, A :150 | AG13: Sail | AH13: Load B (8-10)
A14: 11 | B14: =1180-C14 -> 348 | C14: =SUM(D14:J14) -> 832 | D14: =D13-K14 -> 106 | E14: =E13-L14 -> 0 | F14: =F13-M14 -> 0 | G14: =G13-N14 -> 0 | H14: =H13-O14 -> 160 | I14: =I13-P14 -> 566 | J14: =J13-Q14 -> 0 | K14: 43 | N14: 18 | P14: 34 | R14: B | S14: Base | T14: 25.65 | U14: 69.35 | V14: =SUM(K14:Q14) -> 95 | W14: =Summary!$C$20*K14+Summary!$C$21*L14+Summary!$C$22*M14+Summary!$C$23*N14+Summary!$C$24*O14+Summary!$C$25*P14+Summary!$C$26*Q14 -> 1367.19 | X14: 0.27:0.73 | Y14: 95 | Z14: 95 | AG14: Discharge | AH14: Sail | AI14: Load E (10-11)
A15: 12 | B15: =1180-C15 -> 143 | C15: =SUM(D15:J15) -> 1037 | D15: =D14-K15 -> 106 | E15: =E14-L15 -> 0 | F15: =F14-M15 -> 0 | G15: =G14-N15 -> 0 | H15: =H14-O15 -> 160 | I15: =I14-P15 -> 471 | J15: =J14-Q15+300 -> 300 | P15: 95 | R15: B | S15: Base | T15: 25.65 | U15: 69.35 | V15: =SUM(K15:Q15) -> 95 | W15: =Summary!$C$20*K15+Summary!$C$21*L15+Summary!$C$22*M15+Summary!$C$23*N15+Summary!$C$24*O15+Summary!$C$25*P15+Summary!$C$26*Q15 -> 948.1 | X15: 0.27:0.73 | Y15: 95 | Z15: 95 | AG15: Discharge | AH15: Sail | AI15: Sail
A16: 13 | B16: =1180-C16 -> 238 | C16: =SUM(D16:J16) -> 942 | D16: =D15-K16 -> 106 | E16: =E15-L16 -> 0 | F16: =F15-M16 -> 0 | G16: =G15-N16 -> 0 | H16: =H15-O16 -> 160 | I16: =I15-P16 -> 376 | J16: =J15-Q16 -> 300 | P16: 95 | R16: B | S16: Base | T16: 25.65 | U16: 69.35 | V16: =SUM(K16:Q16) -> 95 | W16: =Summary!$C$20*K16+Summary!$C$21*L16+Summary!$C$22*M16+Summary!$C$23*N16+Summary!$C$24*O16+Summary!$C$25*P16+Summary!$C$26*Q16 -> 948.1 | X16: 0.27:0.73 | Y16: 95 | Z16: 95 | AG16: Tank Prep | AH16: Discharge | AI16: Sail
A17: 14 | B17: =1180-C17 -> 143 | C17: =SUM(D17:J17) -> 1037 | D17: =D16-K17 -> 106 | E17: =E16-L17+190 -> 190 | F17: =F16-M17 -> 0 | G17: =G16-N17 -> 0 | H17: =H16-O17 -> 160 | I17: =I16-P17 -> 281 | J17: =J16-Q17 -> 300 | P17: 95 | R17: B | S17: Base | T17: 24.79726 | U17: 67.044444 | V17: =SUM(K17:Q17) -> 95 | W17: =Summary!$C$20*K17+Summary!$C$21*L17+Summary!$C$22*M17+Summary!$C$23*N17+Summary!$C$24*O17+Summary!$C$25*P17+Summary!$C$26*Q17 -> 948.1 | X17: 0.27:0.73 | Y17: 91.841705 | Z17: 95 | AG17: Tank Prep | AH17: Discharge | AI17: Sail
A18: 15 | B18: =1180-C18 -> 238 | C18: =SUM(D18:J18) -> 942 | D18: =D17-K18 -> 106 | E18: =E17-L18 -> 190 | F18: =F17-M18 -> 0 | G18: =G17-N18 -> 0 | H18: =H17-O18 -> 160 | I18: =I17-P18 -> 186 | J18: =J17-Q18 -> 300 | P18: 95 | R18: C | T18: 7.1054274e-15 | U18: 0 | V18: =SUM(K18:Q18) -> 95 | W18: =Summary!$C$20*K18+Summary!$C$21*L18+Summary!$C$22*M18+Summary!$C$23*N18+Summary!$C$24*O18+Summary!$C$25*P18+Summary!$C$26*Q18 -> 948.1 | X18: 1.00:0.00 | Y18: 7.1054274e-15 | Z18: 96 | AG18: Tank Prep | AH18: Tank Prep | AI18: Demurrage
A19: 16 | B19: =1180-C19 -> 333 | C19: =SUM(D19:J19) -> 847 | D19: =D18-K19 -> 106 | E19: =E18-L19 -> 190 | F19: =F18-M19 -> 0 | G19: =G18-N19 -> 0 | H19: =H18-O19 -> 160 | I19: =I18-P19 -> 91 | J19: =J18-Q19 -> 300 | P19: 95 | R19: B | T19: 95 | U19: 0 | V19: =SUM(K19:Q19) -> 95 | W19: =Summary!$C$20*K19+Summary!$C$21*L19+Summary!$C$22*M19+Summary!$C$23*N19+Summary!$C$24*O19+Summary!$C$25*P19+Summary!$C$26*Q19 -> 948.1 | X19: 1.00:0.00 | Y19: 95 | Z19: 95 | AG19: E: 250, F: 320 | AH19: Tank Prep | AI19: Demurrage
A20: 17 | B20: =1180-C20 -> 118 | C20: =SUM(D20:J20) -> 1062 | D20: =D19-K20+310 -> 416 | E20: =E19-L20 -> 190 | F20: =F19-M20 -> 0 | G20: =G19-N20 -> 0 | H20: =H19-O20 -> 160 | I20: =I19-P20 -> 0 | J20: =J19-Q20 -> 296 | P20: 91 | Q20: 4 | R20: B | T20: 77.60274 | U20: 0 | V20: =SUM(K20:Q20) -> 95 | W20: =Summary!$C$20*K20+Summary!$C$21*L20+Summary!$C$22*M20+Summary!$C$23*N20+Summary!$C$24*O20+Summary!$C$25*P20+Summary!$C$26*Q20 -> 948.06 | X20: 1.00:0.00 | Y20: 77.60274 | Z20: 95 | AH20: Tank Prep | AI20: Discharge
A21: 18 | B21: =1180-C21 -> 213 | C21: =SUM(D21:J21) -> 967 | D21: =D20-K21 -> 416 | E21: =E20-L21 -> 190 | F21: =F20-M21 -> 0 | G21: =G20-N21 -> 0 | H21: =H20-O21 -> 160 | I21: =I20-P21 -> 0 | J21: =J20-Q21 -> 201 | Q21: 95 | R21: E | T21: 95 | U21: 0 | V21: =SUM(K21:Q21) -> 95 | W21: =Summary!$C$20*K21+Summary!$C$21*L21+Summary!$C$22*M21+Summary!$C$23*N21+Summary!$C$24*O21+Summary!$C$25*P21+Summary!$C$26*Q21 -> 947.15 | X21: 1.00:0.00 | Y21: 95 | Z21: 95 | AH21: B: 150 | AI21: Discharge | AJ21: Load Base (17-19)
A22: 19 | B22: =1180-C22 -> 308 | C22: =SUM(D22:J22) -> 872 | D22: =D21-K22 -> 416 | E22: =E21-L22 -> 190 | F22: =F21-M22 -> 0 | G22: =G21-N22 -> 0 | H22: =H21-O22 -> 160 | I22: =I21-P22 -> 0 | J22: =J21-Q22 -> 106 | Q22: 95 | R22: C | T22: 96 | U22: 0 | V22: =SUM(K22:Q22) -> 95 | W22: =Summary!$C$20*K22+Summary!$C$21*L22+Summary!$C$22*M22+Summary!$C$23*N22+Summary!$C$24*O22+Summary!$C$25*P22+Summary!$C$26*Q22 -> 947.15 | X22: 1.00:0.00 | Y22: 96 | Z22: 96 | AI22: Tank Prep | AJ22: Load C (17-19)
A23: 20 | B23: =1180-C23 -> 401 | C23: =SUM(D23:J23) -> 779 | D23: =D22-K23 -> 365 | E23: =E22-L23 -> 169 | F23: =F22-M23 -> 0 | G23: =G22-N23 -> 0 | H23: =H22-O23 -> 160 | I23: =I22-P23 -> 0 | J23: =J22-Q23 -> 85 | K23: 51 | L23: 21 | Q23: 21 | R23: C | T23: 96 | U23: 0 | V23: =SUM(K23:Q23) -> 93 | W23: =Summary!$C$20*K23+Summary!$C$21*L23+Summary!$C$22*M23+Summary!$C$23*N23+Summary!$C$24*O23+Summary!$C$25*P23+Summary!$C$26*Q23 -> 1405.59 | X23: 1.00:0.00 | Y23: 96 | Z23: 96 | AI23: Tank Prep | AJ23: Sail
A24: 21 | B24: =1180-C24 -> 141 | C24: =SUM(D24:J24) -> 1039 | D24: =D23-K24 -> 301 | E24: =E23-L24 -> 143 | F24: =F23-M24 -> 0 | G24: =G23-N24 -> 0 | H24: =H23-O24 -> 160 | I24: =I23-P24+50 -> 50 | J24: =J23-Q24+300 -> 385 | K24: 64 | L24: 26 | R24: C | T24: 8 | U24: 0 | V24: =SUM(K24:Q24) -> 90 | W24: =Summary!$C$20*K24+Summary!$C$21*L24+Summary!$C$22*M24+Summary!$C$23*N24+Summary!$C$24*O24+Summary!$C$25*P24+Summary!$C$26*Q24 -> 1494.62 | X24: 1.00:0.00 | Y24: 8 | Z24: 96 | AI24: Tank Prep | AJ24: Sail | AK24: Load F (19-22)
A25: 22 | B25: =1180-C25 -> 231 | C25: =SUM(D25:J25) -> 949 | D25: =D24-K25 -> 237 | E25: =E24-L25 -> 117 | F25: =F24-M25 -> 0 | G25: =G24-N25 -> 0 | H25: =H24-O25 -> 160 | I25: =I24-P25 -> 50 | J25: =J24-Q25 -> 385 | K25: 64 | L25: 26 | R25: Base | T25: 87 | U25: 0 | V25: =SUM(K25:Q25) -> 90 | W25: =Summary!$C$20*K25+Summary!$C$21*L25+Summary!$C$22*M25+Summary!$C$23*N25+Summary!$C$24*O25+Summary!$C$25*P25+Summary!$C$26*Q25 -> 1494.62 | X25: 1.00:0.00 | Y25: 87 | Z25: 87 | AI25: E: 550 | AJ25: Demurrage | AK25: Sail to Sabah
A26: 23 | B26: =1180-C26 -> 321 | C26: =SUM(D26:J26) -> 859 | D26: =D25-K26 -> 173 | E26: =E25-L26 -> 91 | F26: =F25-M26 -> 0 | G26: =G25-N26 -> 0 | H26: =H25-O26 -> 160 | I26: =I25-P26 -> 50 | J26: =J25-Q26 -> 385 | K26: 64 | L26: 26 | R26: Base | T26: 87 | U26: 0 | V26: =SUM(K26:Q26) -> 90 | W26: =Summary!$C$20*K26+Summary!$C$21*L26+Summary!$C$22*M26+Summary!$C$23*N26+Summary!$C$24*O26+Summary!$C$25*P26+Summary!$C$26*Q26 -> 1494.62 | X26: 1.00:0.00 | Y26: 87 | Z26: 87 | AJ26: Discharge | AK26: Load E (23-24)
A27: 24 | B27: =1180-C27 -> 161 | C27: =SUM(D27:J27) -> 1019 | D27: =D26-K27+250 -> 359 | E27: =E26-L27 -> 65 | F27: =F26-M27 -> 0 | G27: =G26-N27 -> 0 | H27: =H26-O27 -> 160 | I27: =I26-P27 -> 50 | J27: =J26-Q27 -> 385 | K27: 64 | L27: 26 | R27: Base | T27: 87 | U27: 0 | V27: =SUM(K27:Q27) -> 90 | W27: =Summary!$C$20*K27+Summary!$C$21*L27+Summary!$C$22*M27+Summary!$C$23*N27+Summary!$C$24*O27+Summary!$C$25*P27+Summary!$C$26*Q27 -> 1494.62 | X27: 1.00:0.00 | Y27: 87 | Z27: 87 | AJ27: Discharge | AK27: Load D (23-24)
A28: 25 | B28: =1180-C28 -> 251 | C28: =SUM(D28:J28) -> 929 | D28: =D27-K28 -> 295 | E28: =E27-L28 -> 39 | F28: =F27-M28 -> 0 | G28: =G27-N28 -> 0 | H28: =H27-O28 -> 160 | I28: =I27-P28 -> 50 | J28: =J27-Q28 -> 385 | K28: 64 | L28: 26 | R28: Base | T28: 87 | U28: 0 | V28: =SUM(K28:Q28) -> 90 | W28: =Summary!$C$20*K28+Summary!$C$21*L28+Summary!$C$22*M28+Summary!$C$23*N28+Summary!$C$24*O28+Summary!$C$25*P28+Summary!$C$26*Q28 -> 1494.62 | X28: 1.00:0.00 | Y28: 87 | Z28: 87 | AJ28: Tank Prep | AK28: Sail
A29: 26 | B29: =1180-C29 -> 341 | C29: =SUM(D29:J29) -> 839 | D29: =D28-K29 -> 231 | E29: =E28-L29 -> 13 | F29: =F28-M29 -> 0 | G29: =G28-N29 -> 0 | H29: =H28-O29 -> 160 | I29: =I28-P29 -> 50 | J29: =J28-Q29 -> 385 | K29: 64 | L29: 26 | R29: Base | T29: 12 | U29: 0 | V29: =SUM(K29:Q29) -> 90 | W29: =Summary!$C$20*K29+Summary!$C$21*L29+Summary!$C$22*M29+Summary!$C$23*N29+Summary!$C$24*O29+Summary!$C$25*P29+Summary!$C$26*Q29 -> 1494.62 | X29: 1.00:0.00 | Y29: 12 | Z29: 87 | AJ29: Tank Prep | AK29: Sail
A30: 27 | B30: =1180-C30 -> 274 | C30: =SUM(D30:J30) -> 906 | D30: =D29-K30+160 -> 359 | E30: =E29-L30 -> 0 | F30: =F29-M30 -> 0 | G30: =G29-N30 -> 0 | H30: =H29-O30 -> 160 | I30: =I29-P30 -> 30 | J30: =J29-Q30 -> 357 | K30: 32 | L30: 13 | P30: 20 | Q30: 28 | R30: D | T30: 95 | U30: 0 | V30: =SUM(K30:Q30) -> 93 | W30: =Summary!$C$20*K30+Summary!$C$21*L30+Summary!$C$22*M30+Summary!$C$23*N30+Summary!$C$24*O30+Summary!$C$25*P30+Summary!$C$26*Q30 -> 1226.07 | X30: 1.00:0.00 | Y30: 95 | Z30: 95 | AJ30: Tank Prep | AK30: Sail
A31: 28 | B31: =1180-C31 -> 369 | C31: =SUM(D31:J31) -> 811 | D31: =D30-K31 -> 359 | E31: =E30-L31 -> 0 | F31: =F30-M31 -> 0 | G31: =G30-N31 -> 0 | H31: =H30-O31 -> 160 | I31: =I30-P31 -> 10 | J31: =J30-Q31 -> 282 | P31: 20 | Q31: 75 | R31: D | T31: 55 | U31: 0 | V31: =SUM(K31:Q31) -> 95 | W31: =Summary!$C$20*K31+Summary!$C$21*L31+Summary!$C$22*M31+Summary!$C$23*N31+Summary!$C$24*O31+Summary!$C$25*P31+Summary!$C$26*Q31 -> 947.35 | X31: 1.00:0.00 | Y31: 55 | Z31: 95 | AJ31: Base: 360, C: 200 | AK31: Discharge
A32: 29 | B32: =1180-C32 -> 164 | C32: =SUM(D32:J32) -> 1016 | D32: =D31-K32 -> 359 | E32: =E31-L32 -> 0 | F32: =F31-M32 -> 0 | G32: =G31-N32 -> 0 | H32: =H31-O32 -> 160 | I32: =I31-P32 -> 0 | J32: =J31-Q32+300 -> 497 | P32: 10 | Q32: 85 | R32: E | T32: 95 | U32: 0 | V32: =SUM(K32:Q32) -> 95 | W32: =Summary!$C$20*K32+Summary!$C$21*L32+Summary!$C$22*M32+Summary!$C$23*N32+Summary!$C$24*O32+Summary!$C$25*P32+Summary!$C$26*Q32 -> 947.25 | X32: 1.00:0.00 | Y32: 95 | Z32: 95 | AK32: Discharge
A33: 30 | B33: =1180-C33 -> 259 | C33: =SUM(D33:J33) -> 921 | D33: =D32-K33 -> 359 | E33: =E32-L33 -> 0 | F33: =F32-M33 -> 0 | G33: =G32-N33 -> 0 | H33: =H32-O33 -> 160 | I33: =I32-P33 -> 0 | J33: =J32-Q33 -> 402 | Q33: 95 | R33: E | T33: 95 | U33: 0 | V33: =SUM(K33:Q33) -> 95 | W33: =Summary!$C$20*K33+Summary!$C$21*L33+Summary!$C$22*M33+Summary!$C$23*N33+Summary!$C$24*O33+Summary!$C$25*P33+Summary!$C$26*Q33 -> 947.15 | X33: 1.00:0.00 | Y33: 95 | Z33: 95 | AK33: Tank Prep
A34: 31 | B34: =1180-C34 -> 354 | C34: =SUM(D34:J34) -> 826 | D34: =D33-K34 -> 359 | E34: =E33-L34 -> 0 | F34: =F33-M34 -> 0 | G34: =G33-N34 -> 0 | H34: =H33-O34 -> 160 | I34: =I33-P34 -> 0 | J34: =J33-Q34 -> 307 | Q34: 95 | V34: =SUM(K34:Q34) -> 95 | W34: =Summary!$C$20*K34+Summary!$C$21*L34+Summary!$C$22*M34+Summary!$C$23*N34+Summary!$C$24*O34+Summary!$C$25*P34+Summary!$C$26*Q34 -> 947.15 | AK34: Tank Prep
A35: 1 | B35: =1180-C35 -> 266 | C35: =SUM(D35:J35) -> 914 | D35: =D34-K35 -> 274 | E35: =E34-L35 -> 0 | F35: =F34-M35 -> 0 | G35: =G34-N35+180 -> 180 | H35: =H34-O35 -> 160 | I35: =I34-P35 -> 0 | J35: =J34-Q35 -> 300 | K35: 85 | Q35: 7 | V35: =SUM(K35:Q35) -> 92 | W35: =Summary!$C$20*K35+Summary!$C$21*L35+Summary!$C$22*M35+Summary!$C$23*N35+Summary!$C$24*O35+Summary!$C$25*P35+Summary!$C$26*Q35 -> 1417.04 | AK35: Tank Prep
A36: 2 | B36: =1180-C36 -> 351 | C36: =SUM(D36:J36) -> 829 | D36: =D35-K36 -> 189 | E36: =E35-L36 -> 0 | F36: =F35-M36 -> 0 | G36: =G35-N36 -> 180 | H36: =H35-O36 -> 160 | I36: =I35-P36 -> 0 | J36: =J35-Q36 -> 300 | K36: 85 | V36: =SUM(K36:Q36) -> 85 | W36: =Summary!$C$20*K36+Summary!$C$21*L36+Summary!$C$22*M36+Summary!$C$23*N36+Summary!$C$24*O36+Summary!$C$25*P36+Summary!$C$26*Q36 -> 1347.25 | AK36: F: 280, E: 100, D: 150
A37: 3 | B37: =1180-C37 -> 261 | C37: =SUM(D37:J37) -> 919 | D37: =D36-K37+175 -> 279 | E37: =E36-L37 -> 0 | F37: =F36-M37 -> 0 | G37: =G36-N37 -> 180 | H37: =H36-O37 -> 160 | I37: =I36-P37 -> 0 | J37: =J36-Q37 -> 300 | K37: 85 | V37: =SUM(K37:Q37) -> 85 | W37: =Summary!$C$20*K37+Summary!$C$21*L37+Summary!$C$22*M37+Summary!$C$23*N37+Summary!$C$24*O37+Summary!$C$25*P37+Summary!$C$26*Q37 -> 1347.25
A38: 4 | B38: =1180-C38 -> 346 | C38: =SUM(D38:J38) -> 834 | D38: =D37-K38 -> 194 | E38: =E37-L38 -> 0 | F38: =F37-M38 -> 0 | G38: =G37-N38 -> 180 | H38: =H37-O38 -> 160 | I38: =I37-P38 -> 0 | J38: =J37-Q38 -> 300 | K38: 85 | V38: =SUM(K38:Q38) -> 85 | W38: =Summary!$C$20*K38+Summary!$C$21*L38+Summary!$C$22*M38+Summary!$C$23*N38+Summary!$C$24*O38+Summary!$C$25*P38+Summary!$C$26*Q38 -> 1347.25
A39: 5 | B39: =1180-C39 -> 141 | C39: =SUM(D39:J39) -> 1039 | D39: =D38-K39 -> 194 | E39: =E38-L39 -> 0 | F39: =F38-M39 -> 0 | G39: =G38-N39 -> 180 | H39: =H38-O39 -> 160 | I39: =I38-P39+300 -> 300 | J39: =J38-Q39 -> 205 | Q39: 95 | V39: =SUM(K39:Q39) -> 95 | W39: =Summary!$C$20*K39+Summary!$C$21*L39+Summary!$C$22*M39+Summary!$C$23*N39+Summary!$C$24*O39+Summary!$C$25*P39+Summary!$C$26*Q39 -> 947.15
A40: 6 | B40: =1180-C40 -> 236 | C40: =SUM(D40:J40) -> 944 | D40: =D39-K40 -> 194 | E40: =E39-L40 -> 0 | F40: =F39-M40 -> 0 | G40: =G39-N40 -> 180 | H40: =H39-O40 -> 160 | I40: =I39-P40 -> 300 | J40: =J39-Q40 -> 110 | Q40: 95 | V40: =SUM(K40:Q40) -> 95 | W40: =Summary!$C$20*K40+Summary!$C$21*L40+Summary!$C$22*M40+Summary!$C$23*N40+Summary!$C$24*O40+Summary!$C$25*P40+Summary!$C$26*Q40 -> 947.15
A41: 7 | B41: =1180-C41 -> 331 | C41: =SUM(D41:J41) -> 849 | D41: =D40-K41 -> 194 | E41: =E40-L41 -> 0 | F41: =F40-M41 -> 0 | G41: =G40-N41 -> 180 | H41: =H40-O41 -> 160 | I41: =I40-P41 -> 300 | J41: =J40-Q41 -> 15 | Q41: 95 | V41: =SUM(K41:Q41) -> 95 | W41: =Summary!$C$20*K41+Summary!$C$21*L41+Summary!$C$22*M41+Summary!$C$23*N41+Summary!$C$24*O41+Summary!$C$25*P41+Summary!$C$26*Q41 -> 947.15
A42: 8 | B42: =1180-C42 -> 423 | C42: =SUM(D42:J42) -> 757 | D42: =D41-K42 -> 194 | E42: =E41-L42 -> 0 | F42: =F41-M42 -> 0 | G42: =G41-N42 -> 135 | H42: =H41-O42 -> 128 | I42: =I41-P42 -> 300 | J42: =J41-Q42 -> 0 | N42: 45 | O42: 32 | Q42: 15 | V42: =SUM(K42:Q42) -> 92 | W42: =Summary!$C$20*K42+Summary!$C$21*L42+Summary!$C$22*M42+Summary!$C$23*N42+Summary!$C$24*O42+Summary!$C$25*P42+Summary!$C$26*Q42 -> 1373.43
A43: 9 | B43: =1180-C43 -> 503 | C43: =SUM(D43:J43) -> 677 | D43: =D42-K43 -> 194 | E43: =E42-L43 -> 0 | F43: =F42-M43 -> 0 | G43: =G42-N43 -> 90 | H43: =H42-O43 -> 93 | I43: =I42-P43 -> 300 | J43: =J42-Q43 -> 0 | N43: 45 | O43: 35 | V43: =SUM(K43:Q43) -> 80 | W43: =Summary!$C$20*K43+Summary!$C$21*L43+Summary!$C$22*M43+Summary!$C$23*N43+Summary!$C$24*O43+Summary!$C$25*P43+Summary!$C$26*Q43 -> 1257.45
A44: 10 | B44: =1180-C44 -> 583 | C44: =SUM(D44:J44) -> 597 | D44: =D43-K44 -> 194 | E44: =E43-L44 -> 0 | F44: =F43-M44 -> 0 | G44: =G43-N44 -> 45 | H44: =H43-O44 -> 58 | I44: =I43-P44 -> 300 | J44: =J43-Q44 -> 0 | N44: 45 | O44: 35
J45: Total (40d): | K45: =SUM(K4:K43) -> 1215 | L45: =SUM(L4:L43) -> 190 | M45: =SUM(M4:M43) -> 0 | N45: =SUM(N4:N43) -> 260 | O45: =SUM(O4:O43) -> 67 | P45: =SUM(P4:P43) -> 650 | Q45: =SUM(Q4:Q43) -> 1333 | W45: =SUM(W4:W43) -> 48296.19
Q47: Overall 30 days average | V47: =AVERAGE(V4:V33) -> 93.866667 | W47: KBD
Q48: Overall 40 days average | V48: =AVERAGE(V4:V43) -> 92.875 | W48: KBD
Q50: Total processing | V50: =SUM(V4:V43) -> 3715 | W50: KB
Q51: Opening | V51: =C3 -> 787 | W51: KB
Q52: Delivery | V52: 2910 | W52: KB
Q53: Closing | V53: =C44 -> 597 | W53: KB | AG53: =V51+V52 -> 3697
AG54: =AG53-V50 -> -18
Q55: Demurrage | V55: 3 | W55: Days

Sheet Base Case (Celebal)
B1: All in KB | F1: Tapis | G1: Dulang | H1: Jitang | I1: Sepat | J1: KIMC | K1: Kimanis | L1: Bintulu
A2: Day | B2: Ullage | C2: Demurrage (day) | D2: Crude Discharge | E2: Processing Inventory | F2: Inventory_Base | G2: Inventory_A | H2: Inventory_B | I2: Inventory_C | J2: Inventory_D | K2: Inventory_E | L2: Inventory_F | M2: Rate_Base | N2: Rate_A | O2: Rate_B | P2: Rate_C | Q2: Rate_D | R2: Rate_E | S2: Rate_F | T2: primary_grade | U2: secondary_grade | V2: primary_rate | W2: secondary_rate | X2: total_rate | Y2: ratio | Z2: capacity_used | AA2: capacity_limit | AB2: Tank 1 | AC2: Tank 2 | AD2: Tank 3 | AE2: Tank 4 | AF2: Tank 5 | AG2: Delivery 1 | AH2: Delivery 2 | AI2: Delivery 3 | AJ2: Delivery 4 | AK2: Delivery 5 | AL2: Delivery 6 | AM2: Comment
A3: 0 | B3: =1180-E3 -> 130 | E3: =SUM(F3:L3) -> 1050 | F3: 350 | G3: 0 | H3: 150 | I3: 150 | J3: 100 | K3: 0 | L3: 300 | M3: 0 | N3: 0 | O3: 0 | P3: 0 | Q3: 0 | R3: 0 | S3: 0 | X3: 0
A4: 1 | B4: =1180-E4 -> 130 | E4: =SUM(F4:L4) -> 1050 | F4: =F3-M3 -> 350 | G4: 0 | H4: 150 | I4: =I3-P3 -> 150 | J4: 100 | K4: 0 | L4: 300 | M4: =95*0.73 -> 69.35 | N4: 0 | O4: 0 | P4: =95*0.27 -> 25.65 | Q4: 0 | R4: 0 | S4: 0 | T4: C | U4: D | V4: 57.6 | W4: 38.4 | X4: =SUM(M4:S4) -> 95 | Y4: 0.60:0.40 | Z4: 96 | AA4: 96 | AG4: Load Base (1-3)
A5: 2 | B5: =1180-E5 -> 225 | E5: =SUM(F5:L5) -> 955 | F5: =F4-M4 -> 280.65 | G5: =G4-N4 -> 0 | H5: =H4-O4 -> 150 | I5: =I4-P4 -> 124.35 | J5: =J4-Q4 -> 100 | K5: =K4-R4 -> 0 | L5: =L4-S4 -> 300 | M5: =95*0.73 -> 69.35 | N5: 0 | O5: 0 | P5: =95*0.27 -> 25.65 | Q5: 0 | R5: 0 | S5: 0 | T5: C | U5: D | V5: 57.6 | W5: 38.4 | X5: =SUM(M5:S5) -> 95 | Y5: 0.60:0.40 | Z5: 96 | AA5: 96 | AG5: Load A (1-3)
A6: 3 | B6: =1180-E6 -> 320 | E6: =SUM(F6:L6) -> 860 | F6: =F5-M5 -> 211.3 | G6: =G5-N5 -> 0 | H6: =H5-O5 -> 150 | I6: =I5-P5 -> 98.7 | J6: =J5-Q5 -> 100 | K6: =K5-R5 -> 0 | L6: =L5-S5 -> 300 | M6: =95*0.73 -> 69.35 | N6: 0 | O6: 0 | P6: =95*0.27 -> 25.65 | Q6: 0 | R6: 0 | S6: 0 | T6: C | U6: D | V6: 34.8 | W6: 23.2 | X6: =SUM(M6:S6) -> 95 | Y6: 0.60:0.40 | Z6: 58 | AA6: 96 | AG6: Sail
A7: 4 | B7: =1180-E7 -> 415 | E7: =SUM(F7:L7) -> 765 | F7: =F6-M6 -> 141.95 | G7: =G6-N6 -> 0 | H7: =H6-O6 -> 150 | I7: =I6-P6 -> 73.05 | J7: =J6-Q6 -> 100 | K7: =K6-R6 -> 0 | L7: =L6-S6 -> 300 | M7: =95*0.73 -> 69.35 | N7: 0 | O7: 0 | P7: =95*0.27 -> 25.65 | Q7: 0 | R7: 0 | S7: 0 | T7: B | U7: Base | V7: 25.65 | W7: 69.35 | X7: =SUM(M7:S7) -> 95 | Y7: 0.27:0.73 | Z7: 95 | AA7: 95 | AG7: Sail
A8: 5 | B8: =1180-E8 -> 510 | E8: =SUM(F8:L8) -> 670 | F8: =F7-M7 -> 72.6 | G8: =G7-N7 -> 0 | H8: =H7-O7 -> 150 | I8: =I7-P7 -> 47.4 | J8: =J7-Q7 -> 100 | K8: =K7-R7 -> 0 | L8: =L7-S7 -> 300 | M8: =95*0.73 -> 69.35 | N8: 0 | O8: 0 | P8: =95*0.27 -> 25.65 | Q8: 0 | R8: 0 | S8: 0 | T8: A | U8: Base | V8: 25.92 | W8: 70.08 | X8: =SUM(M8:S8) -> 95 | Y8: 0.27:0.73 | Z8: 96 | AA8: 96 | AG8: Discharge | AH8: Load E (5-7)
A9: 6 | B9: =1180-E9 -> 55 | D9: 400Base+150A | E9: =SUM(F9:L9) -> 1125 | F9: =F8-M8+400 -> 403.25 | G9: =G8-N8+150 -> 150 | H9: =H8-O8 -> 150 | I9: =I8-P8 -> 21.75 | J9: =J8-Q8 -> 100 | K9: =K8-R8 -> 0 | L9: =L8-S8 -> 300 | M9: 0 | N9: 0 | O9: 0 | P9: 0 | Q9: 0 | R9: 0 | S9: 95 | T9: A | U9: Base | V9: 25.92 | W9: 70.08 | X9: =SUM(M9:S9) -> 95 | Y9: 0.27:0.73 | Z9: 96 | AA9: 96 | AG9: Discharge | AH9: Sail to PM
A10: 7 | B10: =1180-E10 -> 150 | E10: =SUM(F10:L10) -> 1030 | F10: =F9-M9 -> 403.25 | G10: =G9-N9 -> 150 | H10: =H9-O9 -> 150 | I10: =I9-P9 -> 21.75 | J10: =J9-Q9 -> 100 | K10: =K9-R9 -> 0 | L10: =L9-S9 -> 205 | M10: 0 | N10: 0 | O10: 0 | P10: 0 | Q10: 0 | R10: 0 | S10: 95 | T10: A | U10: Base | V10: 25.92 | W10: 70.08 | X10: =SUM(M10:S10) -> 95 | Y10: 0.27:0.73 | Z10: 96 | AA10: 96 | AG10: Tank Prep | AH10: Sail to PM | AI10: Load B (8-10)
A11: 8 | B11: =1180-E11 -> 245 | E11: =SUM(F11:L11) -> 935 | F11: =F10-M10 -> 403.25 | G11: =G10-N10 -> 150 | H11: =H10-O10 -> 150 | I11: =I10-P10 -> 21.75 | J11: =J10-Q10 -> 100 | K11: =K10-R10 -> 0 | L11: =L10-S10 -> 110 | M11: 0 | N11: 0 | O11: 0 | P11: 0 | Q11: 0 | R11: 0 | S11: 95 | T11: A | U11: Base | V11: 25.92 | W11: 70.08 | X11: =SUM(M11:S11) -> 95 | Y11: 0.27:0.73 | Z11: 96 | AA11: 96 | AG11: Tank Prep | AH11: Sail to PM | AI11: Sail to Melaka
A12: 9 | B12: =1180-E12 -> 340 | E12: =SUM(F12:L12) -> 840 | F12: =F11-M11 -> 403.25 | G12: =G11-N11 -> 150 | H12: =H11-O11 -> 150 | I12: =I11-P11 -> 21.75 | J12: =J11-Q11 -> 100 | K12: =K11-R11 -> 0 | L12: =L11-S11 -> 15 | M12: 0 | N12: 0 | O12: =(95-S12)*0.6 -> 48 | P12: 0 | Q12: =(95-S12)*0.4 -> 32 | R12: 0 | S12: =L12 -> 15 | T12: A | U12: Base | V12: 25.92 | W12: 70.08 | X12: =SUM(M12:S12) -> 95 | Y12: 0.27:0.73 | Z12: 96 | AA12: 96 | AG12: Tank Prep | AH12: Load B (8-10) | AI12: Sail to Melaka
A13: 10 | B13: =1180-E13 -> 435 | E13: =SUM(F13:L13) -> 745 | F13: =F12-M12 -> 403.25 | G13: =G12-N12 -> 150 | H13: =H12-O12 -> 102 | I13: =I12-P12 -> 21.75 | J13: =J12-Q12 -> 68 | K13: =K12-R12 -> 0 | L13: =L12-S12 -> 0 | M13: 0 | N13: 0 | O13: =96*0.6 -> 57.6 | P13: 0 | Q13: =96*0.4 -> 38.4 | R13: 0 | S13: 0 | T13: A | U13: Base | V13: 20.4 | W13: 55.155556 | X13: =SUM(M13:S13) -> 96 | Y13: 0.27:0.73 | Z13: 75.555556 | AA13: 96 | AG13: Base: 400, A :150 | AH13: Wait | AI13: Sail to Melaka
A14: 11 | B14: =1180-E14 -> 531 | E14: =SUM(F14:L14) -> 649 | F14: =F13-M13 -> 403.25 | G14: =G13-N13 -> 150 | H14: =H13-O13 -> 44.4 | I14: =I13-P13 -> 21.75 | J14: =J13-Q13 -> 29.6 | K14: =K13-R13 -> 0 | L14: =L13-S13 -> 0 | M14: =(96-O14-Q14)*0.73 -> 16.06 | N14: =(96-O14-Q14)*0.27 -> 5.94 | O14: =H14 -> 44.4 | P14: 0 | Q14: =(O14/60)*40 -> 29.6 | R14: 0 | S14: 0 | T14: B | U14: Base | V14: 25.65 | W14: 69.35 | X14: =SUM(M14:S14) -> 96 | Y14: 0.27:0.73 | Z14: 95 | AA14: 95 | AH14: Sail | AI14: Discharge | AJ14: Load E (10-11)
A15: 12 | B15: =1180-E15 -> 307 | D15: 250E + 320F | E15: =SUM(F15:L15) -> 873 | F15: =F14-M14 -> 387.19 | G15: =G14-N14 -> 144.06 | H15: =H14-O14 -> 0 | I15: =I14-P14 -> 21.75 | J15: =J14-Q14 -> 0 | K15: =K14-R14 -> 0 | L15: =L14-S14+320 -> 320 | M15: =96*0.73 -> 70.08 | N15: =95*0.27 -> 25.65 | O15: 0 | P15: 0 | Q15: 0 | R15: 0 | S15: 0 | T15: B | U15: Base | V15: 25.65 | W15: 69.35 | X15: =SUM(M15:S15) -> 95.73 | Y15: 0.27:0.73 | Z15: 95 | AA15: 95 | AH15: Sail | AI15: Discharge | AJ15: Sail
A16: 13 | B16: =1180-E16 -> 402.73 | E16: =SUM(F16:L16) -> 777.27 | F16: =F15-M15 -> 317.11 | G16: =G15-N15 -> 118.41 | H16: =H15-O15 -> 0 | I16: =I15-P15 -> 21.75 | J16: =J15-Q15 -> 0 | K16: =K15-R15 -> 0 | L16: =L15-S15 -> 320 | M16: =96*0.73 -> 70.08 | N16: =95*0.27 -> 25.65 | O16: 0 | P16: 0 | Q16: 0 | R16: 0 | S16: 0 | T16: B | U16: Base | V16: 25.65 | W16: 69.35 | X16: =SUM(M16:S16) -> 95.73 | Y16: 0.27:0.73 | Z16: 95 | AA16: 95 | AH16: Discharge | AI16: Tank Prep | AJ16: Sail
A17: 14 | B17: =1180-E17 -> 348.46 | D17: 150B | E17: =SUM(F17:L17) -> 831.54 | F17: =F16-M16 -> 247.03 | G17: =G16-N16 -> 92.76 | H17: =H16-O16+150 -> 150 | I17: =I16-P16 -> 21.75 | J17: =J16-Q16 -> 0 | K17: =K16-R16 -> 0 | L17: =L16-S16 -> 320 | M17: =96*0.73 -> 70.08 | N17: =95*0.27 -> 25.65 | O17: 0 | P17: 0 | Q17: 0 | R17: 0 | S17: 0 | T17: B | U17: Base | V17: 24.79726 | W17: 67.044444 | X17: =SUM(M17:S17) -> 95.73 | Y17: 0.27:0.73 | Z17: 91.841705 | AA17: 95 | AH17: Discharge | AI17: Tank Prep | AJ17: Sail
A18: 15 | B18: =1180-E18 -> 444.19 | E18: =SUM(F18:L18) -> 735.81 | F18: =F17-M17 -> 176.95 | G18: =G17-N17 -> 67.11 | H18: =H17-O17 -> 150 | I18: =I17-P17 -> 21.75 | J18: =J17-Q17 -> 0 | K18: =K17-R17 -> 0 | L18: =L17-S17 -> 320 | M18: =96*0.73 -> 70.08 | N18: =95*0.27 -> 25.65 | O18: 0 | P18: 0 | Q18: 0 | R18: 0 | S18: 0 | T18: C | V18: 7.1054274e-15 | W18: 0 | X18: =SUM(M18:S18) -> 95.73 | Y18: 1.00:0.00 | Z18: 7.1054274e-15 | AA18: 96 | AH18: Tank Prep | AI18: Tank Prep | AJ18: Discharge
A19: 16 | B19: =1180-E19 -> -10.08 | C19: 1 | D19: 550E | E19: =SUM(F19:L19) -> 1190.08 | F19: =F18-M18 -> 106.87 | G19: =G18-N18 -> 41.46 | H19: =H18-O18 -> 150 | I19: =I18-P18 -> 21.75 | J19: =J18-Q18 -> 0 | K19: =K18-R18+550 -> 550 | L19: =L18-S18 -> 320 | M19: 70 | N19: 26 | O19: 0 | P19: 0 | Q19: 0 | R19: 0 | S19: 0 | T19: B | V19: 95 | W19: 0 | X19: =SUM(M19:S19) -> 96 | Y19: 1.00:0.00 | Z19: 95 | AA19: 95 | AH19: Tank Prep | AI19: F: 320 | AJ19: Discharge
A20: 17 | B20: =1180-E20 -> 85.92 | C20: 1 | E20: =SUM(F20:L20) -> 1094.08 | F20: =F19-M19 -> 36.87 | G20: =G19-N19 -> 15.46 | H20: =H19-O19 -> 150 | I20: =I19-P19 -> 21.75 | J20: =J19-Q19 -> 0 | K20: =K19-R19 -> 550 | L20: =L19-S19 -> 320 | M20: =F20 -> 36.87 | N20: =(M20/73)*27 -> 13.636849 | O20: 0 | P20: 0 | Q20: 0 | R20: 0 | S20: =95-N20-M20 -> 44.493151 | T20: B | V20: 77.60274 | W20: 0 | X20: =SUM(M20:S20) -> 95 | Y20: 1.00:0.00 | Z20: 77.60274 | AA20: 95 | AH20: Tank Prep | AJ20: Tank Prep
A21: 18 | B21: =1180-E21 -> 180.92 | C21: 1 | E21: =SUM(F21:L21) -> 999.08 | F21: =F20-M20 -> 0 | G21: =G20-N20 -> 1.8231507 | H21: =H20-O20 -> 150 | I21: =I20-P20 -> 21.75 | J21: =J20-Q20 -> 0 | K21: =K20-R20 -> 550 | L21: =L20-S20 -> 275.50685 | M21: 0 | N21: 0 | O21: 0 | P21: 0 | Q21: 0 | R21: 0 | S21: 95 | T21: E | V21: 95 | W21: 0 | X21: =SUM(M21:S21) -> 95 | Y21: 1.00:0.00 | Z21: 95 | AA21: 95 | AH21: E: 250, B: 150 | AJ21: Tank Prep | AK21: Load Base (17-19)
A22: 19 | B22: =1180-E22 -> 275.92 | E22: =SUM(F22:L22) -> 904.08 | F22: =F21-M21 -> 0 | G22: =G21-N21 -> 1.8231507 | H22: =H21-O21 -> 150 | I22: =I21-P21 -> 21.75 | J22: =J21-Q21 -> 0 | K22: =K21-R21 -> 550 | L22: =L21-S21 -> 180.50685 | M22: 0 | N22: 0 | O22: 0 | P22: 0 | Q22: 0 | R22: 0 | S22: 95 | T22: C | V22: 96 | W22: 0 | X22: =SUM(M22:S22) -> 95 | Y22: 1.00:0.00 | Z22: 96 | AA22: 96 | AJ22: Tank Prep | AK22: Load C (17-19)
A23: 20 | B23: =1180-E23 -> 370.92 | E23: =SUM(F23:L23) -> 809.08 | F23: =F22-M22 -> 0 | G23: =G22-N22 -> 1.8231507 | H23: =H22-O22 -> 150 | I23: =I22-P22 -> 21.75 | J23: =J22-Q22 -> 0 | K23: =K22-R22 -> 550 | L23: =L22-S22 -> 85.506849 | M23: 0 | N23: 0 | O23: 0 | P23: 0 | Q23: 0 | R23: =95-S23 -> 9.4931507 | S23: =L23 -> 85.506849 | T23: C | V23: 96 | W23: 0 | X23: =SUM(M23:S23) -> 95 | Y23: 1.00:0.00 | Z23: 96 | AA23: 96 | AJ23: E: 550 | AK23: Sail
A24: 21 | B24: =1180-E24 -> 465.92 | E24: =SUM(F24:L24) -> 714.08 | F24: =F23-M23 -> 0 | G24: =G23-N23 -> 1.8231507 | H24: =H23-O23 -> 150 | I24: =I23-P23 -> 21.75 | J24: =J23-Q23 -> 0 | K24: =K23-R23 -> 540.50685 | L24: =L23-S23 -> 0 | M24: 0 | N24: 0 | O24: 0 | P24: 0 | Q24: 0 | R24: 95 | S24: 0 | T24: C | V24: 8 | W24: 0 | X24: =SUM(M24:S24) -> 95 | Y24: 1.00:0.00 | Z24: 8 | AA24: 96 | AK24: Sail | AL24: Load F (19-22)
A25: 22 | B25: =1180-E25 -> 560.92 | E25: =SUM(F25:L25) -> 619.08 | F25: =F24-M24 -> 0 | G25: =G24-N24 -> 1.8231507 | H25: =H24-O24 -> 150 | I25: =I24-P24 -> 21.75 | J25: =J24-Q24 -> 0 | K25: =K24-R24 -> 445.50685 | L25: =L24-S24 -> 0 | M25: 0 | N25: 0 | O25: 0 | P25: 0 | Q25: 0 | R25: 95 | S25: 0 | T25: Base | V25: 87 | W25: 0 | X25: =SUM(M25:S25) -> 95 | Y25: 1.00:0.00 | Z25: 87 | AA25: 87 | AK25: Discharge | AL25: Sail to Sabah
A26: 23 | B26: =1180-E26 -> 95.92 | C26: 1 | D26: 360Base+200C | E26: =SUM(F26:L26) -> 1084.08 | F26: =F25-M25+360 -> 360 | G26: =G25-N25 -> 1.8231507 | H26: =H25-O25 -> 150 | I26: =I25-P25+200 -> 221.75 | J26: =J25-Q25 -> 0 | K26: =K25-R25 -> 350.50685 | L26: =L25-S25 -> 0 | M26: 0 | N26: 0 | O26: 0 | P26: 0 | Q26: 0 | R26: =95-S26 -> 95 | S26: 0 | T26: Base | V26: 87 | W26: 0 | X26: =SUM(M26:S26) -> 95 | Y26: 1.00:0.00 | Z26: 87 | AA26: 87 | AK26: Discharge | AL26: Load E (23-24)
A27: 24 | B27: =1180-E27 -> 190.92 | C27: 1 | E27: =SUM(F27:L27) -> 989.08 | F27: =F26-M26 -> 360 | G27: =G26-N26 -> 1.8231507 | H27: =H26-O26 -> 150 | I27: =I26-P26 -> 221.75 | J27: =J26-Q26 -> 0 | K27: =K26-R26 -> 255.50685 | L27: =L26-S26 -> 0 | M27: 0 | N27: 0 | O27: 0 | P27: 0 | Q27: 0 | R27: 95 | S27: 0 | T27: Base | V27: 87 | W27: 0 | X27: =SUM(M27:S27) -> 95 | Y27: 1.00:0.00 | Z27: 87 | AA27: 87 | AK27: Tank Prep | AL27: Load D (23-24)
A28: 25 | B28: =1180-E28 -> 285.92 | E28: =SUM(F28:L28) -> 894.08 | F28: =F27-M27 -> 360 | G28: =G27-N27 -> 1.8231507 | H28: =H27-O27 -> 150 | I28: =I27-P27 -> 221.75 | J28: =J27-Q27 -> 0 | K28: =K27-R27 -> 160.50685 | L28: =L27-S27 -> 0 | M28: 0 | N28: 0 | O28: 0 | P28: 0 | Q28: 0 | R28: 95 | S28: 0 | T28: Base | V28: 87 | W28: 0 | X28: =SUM(M28:S28) -> 95 | Y28: 1.00:0.00 | Z28: 87 | AA28: 87 | AK28: Tank Prep | AL28: Sail
A29: 26 | B29: =1180-E29 -> 380.92 | E29: =SUM(F29:L29) -> 799.08 | F29: =F28-M28 -> 360 | G29: =G28-N28 -> 1.8231507 | H29: =H28-O28 -> 150 | I29: =I28-P28 -> 221.75 | J29: =J28-Q28 -> 0 | K29: =K28-R28 -> 65.506849 | L29: =L28-S28 -> 0 | M29: 0 | N29: 0 | O29: 0 | P29: 0 | Q29: 0 | R29: 95 | S29: 0 | T29: Base | V29: 12 | W29: 0 | X29: =SUM(M29:S29) -> 95 | Y29: 1.00:0.00 | Z29: 12 | AA29: 87 | AK29: Tank Prep | AL29: Sail
A30: 27 | B30: =1180-E30 -> 475.92 | E30: =SUM(F30:L30) -> 704.08 | F30: =F29-M29 -> 360 | G30: =G29-N29 -> 1.8231507 | H30: =H29-O29 -> 150 | I30: =I29-P29 -> 221.75 | J30: =J29-Q29 -> 0 | K30: =K29-R29 -> -29.493151 | L30: =L29-S29 -> 0 | M30: 0 | N30: 0 | O30: 0 | P30: 0 | Q30: 0 | R30: 95 | S30: 0 | T30: D | V30: 95 | W30: 0 | X30: =SUM(M30:S30) -> 95 | Y30: 1.00:0.00 | Z30: 95 | AA30: 95 | AK30: Base: 360, C: 200 | AL30: Sail
A31: 28 | B31: =1180-E31 -> 570.92 | E31: =SUM(F31:L31) -> 609.08 | F31: =F30-M30 -> 360 | G31: =G30-N30 -> 1.8231507 | H31: =H30-O30 -> 150 | I31: =I30-P30 -> 221.75 | J31: =J30-Q30 -> 0 | K31: =K30-R30 -> -124.49315 | L31: =L30-S30 -> 0 | M31: 0 | N31: 0 | O31: 0 | P31: 0 | Q31: 0 | R31: 95 | S31: 0 | T31: D | V31: 55 | W31: 0 | X31: =SUM(M31:S31) -> 95 | Y31: 1.00:0.00 | Z31: 55 | AA31: 95 | AL31: Discharge
A32: 29 | B32: =1180-E32 -> 135.92 | C32: 1 | D32: 280F+100E+150D | E32: =SUM(F32:L32) -> 1044.08 | F32: =F31-M31 -> 360 | G32: =G31-N31 -> 1.8231507 | H32: =H31-O31 -> 150 | I32: =I31-P31 -> 221.75 | J32: =J31-Q31+150 -> 150 | K32: =K31-R31+100 -> -119.49315 | L32: =L31-S31+280 -> 280 | M32: =(95-R32)*0.73 -> 229.58 | N32: =G32 -> 1.8231507 | O32: 0 | P32: =(95-R32)*0.27-N32 -> 83.09 | Q32: 0 | R32: =K32-100 -> -219.49315 | S32: 0 | T32: E | V32: 95 | W32: 0 | X32: =SUM(M32:S32) -> 95 | Y32: 1.00:0.00 | Z32: 95 | AA32: 95 | AL32: Discharge
A33: 30 | B33: =1180-E33 -> 230.92 | C33: 1 | E33: =SUM(F33:L33) -> 949.08 | F33: =F32-M32 -> 130.42 | G33: =G32-N32 -> 0 | H33: =H32-O32 -> 150 | I33: =I32-P32 -> 138.66 | J33: =J32-Q32 -> 150 | K33: =K32-R32 -> 100 | L33: =L32-S32 -> 280 | M33: =0.73*95 -> 69.35 | N33: 0 | O33: 0 | P33: =0.27*95 -> 25.65 | Q33: 0 | R33: 0 | S33: 0 | T33: E | V33: 95 | W33: 0 | X33: =SUM(M33:S33) -> 95 | Y33: 1.00:0.00 | Z33: 95 | AA33: 95 | AL33: Tank Prep
A34: 31 | B34: =1180-E34 -> 325.92 | E34: =SUM(F34:L34) -> 854.08 | F34: =F33-M33 -> 61.07 | G34: =G33-N33 -> 0 | H34: =H33-O33 -> 150 | I34: =I33-P33 -> 113.01 | J34: =J33-Q33 -> 150 | K34: =K33-R33 -> 100 | L34: =L33-S33 -> 280 | M34: =0.73*95 -> 69.35 | N34: 0 | O34: 0 | P34: =0.27*95 -> 25.65 | Q34: 0 | R34: 0 | S34: 0 | X34: =SUM(M34:S34) -> 95 | AL34: Tank Prep
A35: 32 | B35: =1180-E35 -> 420.92 | E35: =SUM(F35:L35) -> 759.08 | F35: =F34-M34 -> -8.28 | G35: =G34-N34 -> 0 | H35: =H34-O34 -> 150 | I35: =I34-P34 -> 87.36 | J35: =J34-Q34 -> 150 | K35: =K34-R34 -> 100 | L35: =L34-S34 -> 280 | M35: =0.73*95 -> 69.35 | N35: 0 | O35: 0 | P35: =0.27*95 -> 25.65 | Q35: 0 | R35: 0 | S35: 0 | X35: =SUM(M35:S35) -> 95 | AL35: Tank Prep
A36: 33 | B36: =1180-E36 -> 515.92 | E36: =SUM(F36:L36) -> 664.08 | F36: =F35-M35 -> -77.63 | G36: =G35-N35 -> 0 | H36: =H35-O35 -> 150 | I36: =I35-P35 -> 61.71 | J36: =J35-Q35 -> 150 | K36: =K35-R35 -> 100 | L36: =L35-S35 -> 280 | M36: 69.35 | N36: 0 | O36: 0 | P36: 25.65 | Q36: 0 | R36: 0 | S36: 0 | X36: =SUM(M36:S36) -> 95 | AL36: F: 280, E: 100, D: 150
A37: 34 | B37: =1180-E37 -> 610.92 | E37: =SUM(F37:L37) -> 569.08 | F37: =F36-M36 -> -146.98 | G37: =G36-N36 -> 0 | H37: =H36-O36 -> 150 | I37: =I36-P36 -> 36.06 | J37: =J36-Q36 -> 150 | K37: =K36-R36 -> 100 | L37: =L36-S36 -> 280 | M37: =F37 -> -146.98 | N37: 0 | O37: 0 | P37: =(M37/73)*27 -> -54.362466 | Q37: 0 | R37: =95-M37-P37 -> 296.34247 | S37: 0 | X37: =SUM(M37:S37) -> 95
A38: 35 | B38: =1180-E38 -> 705.92 | E38: =SUM(F38:L38) -> 474.08 | F38: =F37-M37 -> 0 | G38: =G37-N37 -> 0 | H38: =H37-O37 -> 150 | I38: =I37-P37 -> 90.422466 | J38: =J37-Q37 -> 150 | K38: =K37-R37 -> -196.34247 | L38: =L37-S37 -> 280 | M38: 0 | N38: 0 | O38: 0 | P38: 0 | Q38: 0 | R38: =K38 -> -196.34247 | S38: =95-R38 -> 291.34247 | X38: =SUM(M38:S38) -> 95
A39: 36 | B39: =1180-E39 -> 800.92 | E39: =SUM(F39:L39) -> 379.08 | F39: =F38-M38 -> 0 | G39: =G38-N38 -> 0 | H39: =H38-O38 -> 150 | I39: =I38-P38 -> 90.422466 | J39: =J38-Q38 -> 150 | K39: =K38-R38 -> 0 | L39: =L38-S38 -> -11.342466 | M39: 0 | N39: 0 | O39: 0 | P39: 0 | Q39: 0 | R39: 0 | S39: 95 | X39: =SUM(M39:S39) -> 95
A40: 37 | B40: =1180-E40 -> 895.92 | E40: =SUM(F40:L40) -> 284.08 | F40: =F39-M39 -> 0 | G40: =G39-N39 -> 0 | H40: =H39-O39 -> 150 | I40: =I39-P39 -> 90.422466 | J40: =J39-Q39 -> 150 | K40: =K39-R39 -> 0 | L40: =L39-S39 -> -106.34247 | M40: 0 | N40: 0 | O40: 0 | P40: 0 | Q40: 0 | R40: 0 | S40: 95 | X40: =SUM(M40:S40) -> 95
A41: 38 | B41: =1180-E41 -> 990.92 | E41: =SUM(F41:L41) -> 189.08 | F41: =F40-M40 -> 0 | G41: =G40-N40 -> 0 | H41: =H40-O40 -> 150 | I41: =I40-P40 -> 90.422466 | J41: =J40-Q40 -> 150 | K41: =K40-R40 -> 0 | L41: =L40-S40 -> -201.34247 | M41: 0 | N41: 0 | O41: =(95-S41)*0.6 -> 177.80548 | P41: 0 | Q41: =(95-S41)*0.4 -> 118.53699 | R41: 0 | S41: =L41 -> -201.34247 | X41: =SUM(M41:S41) -> 95
A42: 39 | B42: =1180-E42 -> 1085.92 | E42: =SUM(F42:L42) -> 94.08 | F42: =F41-M41 -> 0 | G42: =G41-N41 -> 0 | H42: =H41-O41 -> -27.805479 | I42: =I41-P41 -> 90.422466 | J42: =J41-Q41 -> 31.463014 | K42: =K41-R41 -> 0 | L42: =L41-S41 -> 0 | M42: 0 | N42: 0 | O42: =96*0.6 -> 57.6 | P42: 0 | Q42: =96*0.4 -> 38.4 | R42: 0 | S42: 0 | X42: =SUM(M42:S42) -> 96
A43: 40 | B43: =1180-E43 -> 1181.92 | E43: =SUM(F43:L43) -> -1.92 | F43: =F42-M42 -> 0 | G43: =G42-N42 -> 0 | H43: =H42-O42 -> -85.405479 | I43: =I42-P42 -> 90.422466 | J43: =J42-Q42 -> -6.9369863 | K43: =K42-R42 -> 0 | L43: =L42-S42 -> 0 | M43: 0 | N43: 0 | O43: =96*0.6 -> 57.6 | P43: 0 | Q43: =96*0.4 -> 38.4 | R43: 0 | S43: 0 | X43: =SUM(M43:S43) -> 96
A44: 41 | B44: =1180-E44 -> 1277.92 | E44: =SUM(F44:L44) -> -97.92 | F44: =F43-M43 -> 0 | G44: =G43-N43 -> 0 | H44: =H43-O43 -> -143.00548 | I44: =I43-P43 -> 90.422466 | J44: =J43-Q43 -> -45.336986 | K44: =K43-R43 -> 0 | L44: =L43-S43 -> 0
S45: Overall 30 days average | X45: =AVERAGE(X4:X33) -> 95.197333 | AG45: KBD
S46: Overall 40 days average | X46: =AVERAGE(X4:X43) -> 95.198 | AG46: KBD
S48: Total processing | X48: =SUM(X4:X33) -> 2855.92 | AG48: KB
S49: Opening | X49: =E3 -> 1050 | AG49: KB
S50: Delivery | X50: 2910 | AG50: KB
S51: Closing | X51: =E44 -> -97.92 | AG51: KB | AH51: =X49+X50 -> 3960
AH52: =AH51-X48 -> 1104.08
S53: Demurrage | X53: =SUM(C3:C44) -> 7 | AG53: Days

Sheet Base Case (Working) R1
B1: All in KB | C1: 1180 | D1: Tapis | E1: Dulang | F1: Jitang | G1: Sepat | H1: KIMC | I1: Kimanis | J1: Bintulu
A2: Day | B2: Ullage | C2: Processing Inventory | D2: Inventory_Base | E2: Inventory_A | F2: Inventory_B | G2: Inventory_C | H2: Inventory_D | I2: Inventory_E | J2: Inventory_F | K2: Rate_Base | L2: Rate_A | M2: Rate_B | N2: Rate_C | O2: Rate_D | P2: Rate_E | Q2: Rate_F | R2: primary_grade | S2: secondary_grade | T2: primary_rate | U2: secondary_rate | V2: total_rate | W2: Crude Margin (USD k) | X2: ratio | Y2: capacity_used | Z2: capacity_limit | AA2: Tank 1 | AB2: Tank 2 | AC2: Tank 3 | AD2: Tank 4 | AE2: Tank 5 | AF2: Delivery 1 | AG2: Delivery 2 | AH2: Delivery 3 | AI2: Delivery 4 | AJ2: Delivery 5 | AK2: Delivery 6 | AL2: Comment
A3: 0 | B3: =1180-C3 -> 130 | C3: =SUM(D3:J3) -> 1050 | D3: 350 | E3: 0 | F3: 150 | G3: 150 | H3: 100 | I3: 0 | J3: 300 | K3: 0 | L3: 0 | M3: 0 | N3: 0 | O3: 0 | P3: 0 | Q3: 0 | V3: 0
A4: 1 | B4: =1180-C4 -> 225 | C4: =SUM(D4:J4) -> 955 | D4: =D3-K4 -> 280.65 | E4: =E3-L4 -> 0 | F4: =F3-M4 -> 150 | G4: =G3-N4 -> 124.35 | H4: =H3-O4 -> 100 | I4: =I3-P4 -> 0 | J4: =J3-Q4 -> 300 | K4: =95*0.73 -> 69.35 | L4: 0 | M4: 0 | N4: =95*0.27 -> 25.65 | O4: 0 | P4: 0 | Q4: 0 | R4: C | S4: D | T4: 57.6 | U4: 38.4 | V4: =SUM(K4:Q4) -> 95 | W4: =Summary!$C$20*K4+Summary!$C$21*L4+Summary!$C$22*M4+Summary!$C$23*N4+Summary!$C$24*O4+Summary!$C$25*P4+Summary!$C$26*Q4 -> 1592.7035 | X4: 0.60:0.40 | Y4: 96 | Z4: 96 | AF4: Load Base (1-3)
A5: 2 | B5: =1180-C5 -> 320 | C5: =SUM(D5:J5) -> 860 | D5: =D4-K5 -> 211.3 | E5: =E4-L5 -> 0 | F5: =F4-M5 -> 150 | G5: =G4-N5 -> 98.7 | H5: =H4-O5 -> 100 | I5: =I4-P5 -> 0 | J5: =J4-Q5 -> 300 | K5: =95*0.73 -> 69.35 | L5: 0 | M5: 0 | N5: =95*0.27 -> 25.65 | O5: 0 | P5: 0 | Q5: 0 | R5: C | S5: D | T5: 57.6 | U5: 38.4 | V5: =SUM(K5:Q5) -> 95 | W5: =Summary!$C$20*K5+Summary!$C$21*L5+Summary!$C$22*M5+Summary!$C$23*N5+Summary!$C$24*O5+Summary!$C$25*P5+Summary!$C$26*Q5 -> 1592.7035 | X5: 0.60:0.40 | Y5: 96 | Z5: 96 | AF5: Load A (1-3)
A6: 3 | B6: =1180-C6 -> 320 | C6: =SUM(D6:J6) -> 860 | D6: =D5-K6 -> 211.3 | E6: =E5-L6 -> 0 | F6: =F5-M6 -> 150 | G6: =G5-N6 -> 98.7 | H6: =H5-O6 -> 100 | I6: =I5-P6 -> 0 | J6: =J5-Q6 -> 300 | R6: C | S6: D | T6: 34.8 | U6: 23.2 | V6: =SUM(K6:Q6) -> 0 | W6: =Summary!$C$20*K6+Summary!$C$21*L6+Summary!$C$22*M6+Summary!$C$23*N6+Summary!$C$24*O6+Summary!$C$25*P6+Summary!$C$26*Q6 -> 0 | X6: 0.60:0.40 | Y6: 58 | Z6: 96 | AF6: Sail
A7: 4 | B7: =1180-C7 -> 420 | C7: =SUM(D7:J7) -> 760 | D7: =D6-K7 -> 211.3 | E7: =E6-L7 -> 0 | F7: =F6-M7 -> 90 | G7: =G6-N7 -> 98.7 | H7: =H6-O7 -> 60 | I7: =I6-P7 -> 0 | J7: =J6-Q7 -> 300 | M7: 60 | O7: 40 | R7: B | S7: Base | T7: 25.65 | U7: 69.35 | V7: =SUM(K7:Q7) -> 100 | W7: =Summary!$C$20*K7+Summary!$C$21*L7+Summary!$C$22*M7+Summary!$C$23*N7+Summary!$C$24*O7+Summary!$C$25*P7+Summary!$C$26*Q7 -> 1390.2 | X7: 0.27:0.73 | Y7: 95 | Z7: 95 | AF7: Sail
A8: 5 | B8: =1180-C8 -> 520 | C8: =SUM(D8:J8) -> 660 | D8: =D7-K8 -> 211.3 | E8: =E7-L8 -> 0 | F8: =F7-M8 -> 30 | G8: =G7-N8 -> 98.7 | H8: =H7-O8 -> 20 | I8: =I7-P8 -> 0 | J8: =J7-Q8 -> 300 | M8: 60 | O8: 40 | R8: A | S8: Base | T8: 25.92 | U8: 70.08 | V8: =SUM(K8:Q8) -> 100 | W8: =Summary!$C$20*K8+Summary!$C$21*L8+Summary!$C$22*M8+Summary!$C$23*N8+Summary!$C$24*O8+Summary!$C$25*P8+Summary!$C$26*Q8 -> 1390.2 | X8: 0.27:0.73 | Y8: 96 | Z8: 96 | AF8: Discharge | AG8: Load E (5-7)
A9: 6 | B9: =1180-C9 -> 70 | C9: =SUM(D9:J9) -> 1110 | D9: =D8-K9+400 -> 611.3 | E9: =E8-L9+150 -> 150 | F9: =F8-M9 -> -30 | G9: =G8-N9 -> 98.7 | H9: =H8-O9 -> -20 | I9: =I8-P9 -> 0 | J9: =J8-Q9 -> 300 | M9: 60 | O9: 40 | R9: A | S9: Base | T9: 25.92 | U9: 70.08 | V9: =SUM(K9:Q9) -> 100 | W9: =Summary!$C$20*K9+Summary!$C$21*L9+Summary!$C$22*M9+Summary!$C$23*N9+Summary!$C$24*O9+Summary!$C$25*P9+Summary!$C$26*Q9 -> 1390.2 | X9: 0.27:0.73 | Y9: 96 | Z9: 96 | AF9: Discharge | AG9: Sail to Sarawak
A10: 7 | B10: =1180-C10 -> 170 | C10: =SUM(D10:J10) -> 1010 | D10: =D9-K10 -> 611.3 | E10: =E9-L10 -> 150 | F10: =F9-M10 -> -90 | G10: =G9-N10 -> 98.7 | H10: =H9-O10 -> -60 | I10: =I9-P10 -> 0 | J10: =J9-Q10 -> 300 | M10: 60 | O10: 40 | R10: A | S10: Base | T10: 25.92 | U10: 70.08 | V10: =SUM(K10:Q10) -> 100 | W10: =Summary!$C$20*K10+Summary!$C$21*L10+Summary!$C$22*M10+Summary!$C$23*N10+Summary!$C$24*O10+Summary!$C$25*P10+Summary!$C$26*Q10 -> 1390.2 | X10: 0.27:0.73 | Y10: 96 | Z10: 96 | AF10: Tk prep | AG10: Load F (5-7)
A11: 8 | B11: =1180-C11 -> 270 | C11: =SUM(D11:J11) -> 910 | D11: =D10-K11 -> 611.3 | E11: =E10-L11 -> 150 | F11: =F10-M11 -> -150 | G11: =G10-N11 -> 98.7 | H11: =H10-O11 -> -100 | I11: =I10-P11 -> 0 | J11: =J10-Q11 -> 300 | M11: 60 | O11: 40 | R11: A | S11: Base | T11: 25.92 | U11: 70.08 | V11: =SUM(K11:Q11) -> 100 | W11: =Summary!$C$20*K11+Summary!$C$21*L11+Summary!$C$22*M11+Summary!$C$23*N11+Summary!$C$24*O11+Summary!$C$25*P11+Summary!$C$26*Q11 -> 1390.2 | X11: 0.27:0.73 | Y11: 96 | Z11: 96 | AF11: Tk prep | AG11: Sail
A12: 9 | B12: =1180-C12 -> 370 | C12: =SUM(D12:J12) -> 810 | D12: =D11-K12 -> 611.3 | E12: =E11-L12 -> 150 | F12: =F11-M12 -> -210 | G12: =G11-N12 -> 98.7 | H12: =H11-O12 -> -140 | I12: =I11-P12 -> 0 | J12: =J11-Q12 -> 300 | M12: 60 | O12: 40 | R12: A | S12: Base | T12: 25.92 | U12: 70.08 | V12: =SUM(K12:Q12) -> 100 | W12: =Summary!$C$20*K12+Summary!$C$21*L12+Summary!$C$22*M12+Summary!$C$23*N12+Summary!$C$24*O12+Summary!$C$25*P12+Summary!$C$26*Q12 -> 1390.2 | X12: 0.27:0.73 | Y12: 96 | Z12: 96 | AF12: Tk prep | AG12: Sail
A13: 10 | B13: =1180-C13 -> 470 | C13: =SUM(D13:J13) -> 710 | D13: =D12-K13 -> 611.3 | E13: =E12-L13 -> 150 | F13: =F12-M13 -> -270 | G13: =G12-N13 -> 98.7 | H13: =H12-O13 -> -180 | I13: =I12-P13 -> 0 | J13: =J12-Q13 -> 300 | M13: 60 | O13: 40 | R13: A | S13: Base | T13: 20.4 | U13: 55.155556 | V13: =SUM(K13:Q13) -> 100 | W13: =Summary!$C$20*K13+Summary!$C$21*L13+Summary!$C$22*M13+Summary!$C$23*N13+Summary!$C$24*O13+Summary!$C$25*P13+Summary!$C$26*Q13 -> 1390.2 | X13: 0.27:0.73 | Y13: 75.555556 | Z13: 96 | AF13: Base: 400, A :150 | AG13: Sail | AH13: Load B (8-10)
A14: 11 | B14: =1180-C14 -> 570 | C14: =SUM(D14:J14) -> 610 | D14: =D13-K14 -> 611.3 | E14: =E13-L14 -> 150 | F14: =F13-M14 -> -330 | G14: =G13-N14 -> 98.7 | H14: =H13-O14 -> -220 | I14: =I13-P14 -> 0 | J14: =J13-Q14 -> 300 | M14: 60 | O14: 40 | R14: B | S14: Base | T14: 25.65 | U14: 69.35 | V14: =SUM(K14:Q14) -> 100 | W14: =Summary!$C$20*K14+Summary!$C$21*L14+Summary!$C$22*M14+Summary!$C$23*N14+Summary!$C$24*O14+Summary!$C$25*P14+Summary!$C$26*Q14 -> 1390.2 | X14: 0.27:0.73 | Y14: 95 | Z14: 95 | AG14: Discharge | AH14: Sail | AI14: Load E (10-11)
A15: 12 | B15: =1180-C15 -> 100 | C15: =SUM(D15:J15) -> 1080 | D15: =D14-K15 -> 611.3 | E15: =E14-L15 -> 150 | F15: =F14-M15 -> -390 | G15: =G14-N15 -> 98.7 | H15: =H14-O15 -> -260 | I15: =I14-P15+250 -> 250 | J15: =J14-Q15+320 -> 620 | M15: 60 | O15: 40 | R15: B | S15: Base | T15: 25.65 | U15: 69.35 | V15: =SUM(K15:Q15) -> 100 | W15: =Summary!$C$20*K15+Summary!$C$21*L15+Summary!$C$22*M15+Summary!$C$23*N15+Summary!$C$24*O15+Summary!$C$25*P15+Summary!$C$26*Q15 -> 1390.2 | X15: 0.27:0.73 | Y15: 95 | Z15: 95 | AG15: Discharge | AH15: Sail | AI15: Sail
A16: 13 | B16: =1180-C16 -> 200 | C16: =SUM(D16:J16) -> 980 | D16: =D15-K16 -> 611.3 | E16: =E15-L16 -> 150 | F16: =F15-M16 -> -450 | G16: =G15-N16 -> 98.7 | H16: =H15-O16 -> -300 | I16: =I15-P16 -> 250 | J16: =J15-Q16 -> 620 | M16: 60 | O16: 40 | R16: B | S16: Base | T16: 25.65 | U16: 69.35 | V16: =SUM(K16:Q16) -> 100 | W16: =Summary!$C$20*K16+Summary!$C$21*L16+Summary!$C$22*M16+Summary!$C$23*N16+Summary!$C$24*O16+Summary!$C$25*P16+Summary!$C$26*Q16 -> 1390.2 | X16: 0.27:0.73 | Y16: 95 | Z16: 95 | AG16: Tank Prep | AH16: Discharge | AI16: Sail
A17: 14 | B17: =1180-C17 -> 150 | C17: =SUM(D17:J17) -> 1030 | D17: =D16-K17 -> 611.3 | E17: =E16-L17 -> 150 | F17: =F16-M17 + 150 -> -360 | G17: =G16-N17 -> 98.7 | H17: =H16-O17 -> -340 | I17: =I16-P17 -> 250 | J17: =J16-Q17 -> 620 | M17: 60 | O17: 40 | R17: B | S17: Base | T17: 24.79726 | U17: 67.044444 | V17: =SUM(K17:Q17) -> 100 | W17: =Summary!$C$20*K17+Summary!$C$21*L17+Summary!$C$22*M17+Summary!$C$23*N17+Summary!$C$24*O17+Summary!$C$25*P17+Summary!$C$26*Q17 -> 1390.2 | X17: 0.27:0.73 | Y17: 91.841705 | Z17: 95 | AG17: Tank Prep | AH17: Discharge | AI17: Sail
A18: 15 | B18: =1180-C18 -> 250 | C18: =SUM(D18:J18) -> 930 | D18: =D17-K18 -> 611.3 | E18: =E17-L18 -> 150 | F18: =F17-M18 -> -420 | G18: =G17-N18 -> 98.7 | H18: =H17-O18 -> -380 | I18: =I17-P18 -> 250 | J18: =J17-Q18 -> 620 | M18: 60 | O18: 40 | R18: C | T18: 7.1054274e-15 | U18: 0 | V18: =SUM(K18:Q18) -> 100 | W18: =Summary!$C$20*K18+Summary!$C$21*L18+Summary!$C$22*M18+Summary!$C$23*N18+Summary!$C$24*O18+Summary!$C$25*P18+Summary!$C$26*Q18 -> 1390.2 | X18: 1.00:0.00 | Y18: 7.1054274e-15 | Z18: 96 | AG18: Tank Prep | AH18: Tank Prep | AI18: Demurrage
A19: 16 | B19: =1180-C19 -> 350 | C19: =SUM(D19:J19) -> 830 | D19: =D18-K19 -> 611.3 | E19: =E18-L19 -> 150 | F19: =F18-M19 -> -480 | G19: =G18-N19 -> 98.7 | H19: =H18-O19 -> -420 | I19: =I18-P19 -> 250 | J19: =J18-Q19 -> 620 | M19: 60 | O19: 40 | R19: B | T19: 95 | U19: 0 | V19: =SUM(K19:Q19) -> 100 | W19: =Summary!$C$20*K19+Summary!$C$21*L19+Summary!$C$22*M19+Summary!$C$23*N19+Summary!$C$24*O19+Summary!$C$25*P19+Summary!$C$26*Q19 -> 1390.2 | X19: 1.00:0.00 | Y19: 95 | Z19: 95 | AG19: E: 250, F: 320 | AH19: Tank Prep | AI19: Demurrage
A20: 17 | B20: =1180-C20 -> 450 | C20: =SUM(D20:J20) -> 730 | D20: =D19-K20 -> 611.3 | E20: =E19-L20 -> 150 | F20: =F19-M20 -> -540 | G20: =G19-N20 -> 98.7 | H20: =H19-O20 -> -460 | I20: =I19-P20 -> 250 | J20: =J19-Q20 -> 620 | M20: 60 | O20: 40 | R20: B | T20: 77.60274 | U20: 0 | V20: =SUM(K20:Q20) -> 100 | W20: =Summary!$C$20*K20+Summary!$C$21*L20+Summary!$C$22*M20+Summary!$C$23*N20+Summary!$C$24*O20+Summary!$C$25*P20+Summary!$C$26*Q20 -> 1390.2 | X20: 1.00:0.00 | Y20: 77.60274 | Z20: 95 | AH20: Tank Prep | AI20: Discharge
A21: 18 | B21: =1180-C21 -> 0 | C21: =SUM(D21:J21) -> 1180 | D21: =D20-K21 -> 611.3 | E21: =E20-L21 -> 150 | F21: =F20-M21 -> -600 | G21: =G20-N21 -> 98.7 | H21: =H20-O21 -> -500 | I21: =I20-P21+550 -> 800 | J21: =J20-Q21 -> 620 | M21: 60 | O21: 40 | R21: E | T21: 95 | U21: 0 | V21: =SUM(K21:Q21) -> 100 | W21: =Summary!$C$20*K21+Summary!$C$21*L21+Summary!$C$22*M21+Summary!$C$23*N21+Summary!$C$24*O21+Summary!$C$25*P21+Summary!$C$26*Q21 -> 1390.2 | X21: 1.00:0.00 | Y21: 95 | Z21: 95 | AH21: B: 150 | AI21: Discharge | AJ21: Load Base (17-19)
A22: 19 | B22: =1180-C22 -> 100 | C22: =SUM(D22:J22) -> 1080 | D22: =D21-K22 -> 611.3 | E22: =E21-L22 -> 150 | F22: =F21-M22 -> -660 | G22: =G21-N22 -> 98.7 | H22: =H21-O22 -> -540 | I22: =I21-P22 -> 800 | J22: =J21-Q22 -> 620 | M22: 60 | O22: 40 | R22: C | T22: 96 | U22: 0 | V22: =SUM(K22:Q22) -> 100 | W22: =Summary!$C$20*K22+Summary!$C$21*L22+Summary!$C$22*M22+Summary!$C$23*N22+Summary!$C$24*O22+Summary!$C$25*P22+Summary!$C$26*Q22 -> 1390.2 | X22: 1.00:0.00 | Y22: 96 | Z22: 96 | AI22: Tank Prep | AJ22: Load C (17-19)
A23: 20 | B23: =1180-C23 -> 100 | C23: =SUM(D23:J23) -> 1080 | D23: =D22-K23 -> 611.3 | E23: =E22-L23 -> 150 | F23: =F22-M23 -> -660 | G23: =G22-N23 -> 98.7 | H23: =H22-O23 -> -540 | I23: =I22-P23 -> 800 | J23: =J22-Q23 -> 620 | R23: C | T23: 96 | U23: 0 | V23: =SUM(K23:Q23) -> 0 | W23: =Summary!$C$20*K23+Summary!$C$21*L23+Summary!$C$22*M23+Summary!$C$23*N23+Summary!$C$24*O23+Summary!$C$25*P23+Summary!$C$26*Q23 -> 0 | X23: 1.00:0.00 | Y23: 96 | Z23: 96 | AI23: Tank Prep | AJ23: Sail
A24: 21 | B24: =1180-C24 -> 100 | C24: =SUM(D24:J24) -> 1080 | D24: =D23-K24 -> 611.3 | E24: =E23-L24 -> 150 | F24: =F23-M24 -> -660 | G24: =G23-N24 -> 98.7 | H24: =H23-O24 -> -540 | I24: =I23-P24 -> 800 | J24: =J23-Q24 -> 620 | R24: C | T24: 8 | U24: 0 | V24: =SUM(K24:Q24) -> 0 | W24: =Summary!$C$20*K24+Summary!$C$21*L24+Summary!$C$22*M24+Summary!$C$23*N24+Summary!$C$24*O24+Summary!$C$25*P24+Summary!$C$26*Q24 -> 0 | X24: 1.00:0.00 | Y24: 8 | Z24: 96 | AI24: Tank Prep | AJ24: Sail | AK24: Load F (19-22)
A25: 22 | B25: =1180-C25 -> 100 | C25: =SUM(D25:J25) -> 1080 | D25: =D24-K25 -> 611.3 | E25: =E24-L25 -> 150 | F25: =F24-M25 -> -660 | G25: =G24-N25 -> 98.7 | H25: =H24-O25 -> -540 | I25: =I24-P25 -> 800 | J25: =J24-Q25 -> 620 | R25: Base | T25: 87 | U25: 0 | V25: =SUM(K25:Q25) -> 0 | W25: =Summary!$C$20*K25+Summary!$C$21*L25+Summary!$C$22*M25+Summary!$C$23*N25+Summary!$C$24*O25+Summary!$C$25*P25+Summary!$C$26*Q25 -> 0 | X25: 1.00:0.00 | Y25: 87 | Z25: 87 | AI25: E: 550 | AJ25: Demurrage | AK25: Sail to Sabah
A26: 23 | B26: =1180-C26 -> 100 | C26: =SUM(D26:J26) -> 1080 | D26: =D25-K26 -> 611.3 | E26: =E25-L26 -> 150 | F26: =F25-M26 -> -660 | G26: =G25-N26 -> 98.7 | H26: =H25-O26 -> -540 | I26: =I25-P26 -> 800 | J26: =J25-Q26 -> 620 | R26: Base | T26: 87 | U26: 0 | V26: =SUM(K26:Q26) -> 0 | W26: =Summary!$C$20*K26+Summary!$C$21*L26+Summary!$C$22*M26+Summary!$C$23*N26+Summary!$C$24*O26+Summary!$C$25*P26+Summary!$C$26*Q26 -> 0 | X26: 1.00:0.00 | Y26: 87 | Z26: 87 | AJ26: Discharge | AK26: Load E (23-24)
A27: 24 | B27: =1180-C27 -> -460 | C27: =SUM(D27:J27) -> 1640 | D27: =D26-K27+360 -> 971.3 | E27: =E26-L27 -> 150 | F27: =F26-M27 -> -660 | G27: =G26-N27+200 -> 298.7 | H27: =H26-O27 -> -540 | I27: =I26-P27 -> 800 | J27: =J26-Q27 -> 620 | R27: Base | T27: 87 | U27: 0 | V27: =SUM(K27:Q27) -> 0 | W27: =Summary!$C$20*K27+Summary!$C$21*L27+Summary!$C$22*M27+Summary!$C$23*N27+Summary!$C$24*O27+Summary!$C$25*P27+Summary!$C$26*Q27 -> 0 | X27: 1.00:0.00 | Y27: 87 | Z27: 87 | AJ27: Discharge | AK27: Load D (23-24)
A28: 25 | B28: =1180-C28 -> -460 | C28: =SUM(D28:J28) -> 1640 | D28: =D27-K28 -> 971.3 | E28: =E27-L28 -> 150 | F28: =F27-M28 -> -660 | G28: =G27-N28 -> 298.7 | H28: =H27-O28 -> -540 | I28: =I27-P28 -> 800 | J28: =J27-Q28 -> 620 | R28: Base | T28: 87 | U28: 0 | V28: =SUM(K28:Q28) -> 0 | W28: =Summary!$C$20*K28+Summary!$C$21*L28+Summary!$C$22*M28+Summary!$C$23*N28+Summary!$C$24*O28+Summary!$C$25*P28+Summary!$C$26*Q28 -> 0 | X28: 1.00:0.00 | Y28: 87 | Z28: 87 | AJ28: Tank Prep | AK28: Sail
A29: 26 | B29: =1180-C29 -> -460 | C29: =SUM(D29:J29) -> 1640 | D29: =D28-K29 -> 971.3 | E29: =E28-L29 -> 150 | F29: =F28-M29 -> -660 | G29: =G28-N29 -> 298.7 | H29: =H28-O29 -> -540 | I29: =I28-P29 -> 800 | J29: =J28-Q29 -> 620 | R29: Base | T29: 12 | U29: 0 | V29: =SUM(K29:Q29) -> 0 | W29: =Summary!$C$20*K29+Summary!$C$21*L29+Summary!$C$22*M29+Summary!$C$23*N29+Summary!$C$24*O29+Summary!$C$25*P29+Summary!$C$26*Q29 -> 0 | X29: 1.00:0.00 | Y29: 12 | Z29: 87 | AJ29: Tank Prep | AK29: Sail
A30: 27 | B30: =1180-C30 -> -460 | C30: =SUM(D30:J30) -> 1640 | D30: =D29-K30 -> 971.3 | E30: =E29-L30 -> 150 | F30: =F29-M30 -> -660 | G30: =G29-N30 -> 298.7 | H30: =H29-O30 -> -540 | I30: =I29-P30 -> 800 | J30: =J29-Q30 -> 620 | R30: D | T30: 95 | U30: 0 | V30: =SUM(K30:Q30) -> 0 | W30: =Summary!$C$20*K30+Summary!$C$21*L30+Summary!$C$22*M30+Summary!$C$23*N30+Summary!$C$24*O30+Summary!$C$25*P30+Summary!$C$26*Q30 -> 0 | X30: 1.00:0.00 | Y30: 95 | Z30: 95 | AJ30: Tank Prep | AK30: Sail
A31: 28 | B31: =1180-C31 -> -460 | C31: =SUM(D31:J31) -> 1640 | D31: =D30-K31 -> 971.3 | E31: =E30-L31 -> 150 | F31: =F30-M31 -> -660 | G31: =G30-N31 -> 298.7 | H31: =H30-O31 -> -540 | I31: =I30-P31 -> 800 | J31: =J30-Q31 -> 620 | R31: D | T31: 55 | U31: 0 | V31: =SUM(K31:Q31) -> 0 | W31: =Summary!$C$20*K31+Summary!$C$21*L31+Summary!$C$22*M31+Summary!$C$23*N31+Summary!$C$24*O31+Summary!$C$25*P31+Summary!$C$26*Q31 -> 0 | X31: 1.00:0.00 | Y31: 55 | Z31: 95 | AJ31: Base: 360, C: 200 | AK31: Discharge
A32: 29 | B32: =1180-C32 -> -990 | C32: =SUM(D32:J32) -> 2170 | D32: =D31-K32 -> 971.3 | E32: =E31-L32 -> 150 | F32: =F31-M32 -> -660 | G32: =G31-N32 -> 298.7 | H32: =H31-O32+150 -> -390 | I32: =I31-P32+100 -> 900 | J32: =J31-Q32+280 -> 900 | R32: E | T32: 95 | U32: 0 | V32: =SUM(K32:Q32) -> 0 | W32: =Summary!$C$20*K32+Summary!$C$21*L32+Summary!$C$22*M32+Summary!$C$23*N32+Summary!$C$24*O32+Summary!$C$25*P32+Summary!$C$26*Q32 -> 0 | X32: 1.00:0.00 | Y32: 95 | Z32: 95 | AK32: Discharge
A33: 30 | B33: =1180-C33 -> -990 | C33: =SUM(D33:J33) -> 2170 | D33: =D32-K33 -> 971.3 | E33: =E32-L33 -> 150 | F33: =F32-M33 -> -660 | G33: =G32-N33 -> 298.7 | H33: =H32-O33 -> -390 | I33: =I32-P33 -> 900 | J33: =J32-Q33 -> 900 | R33: E | T33: 95 | U33: 0 | V33: =SUM(K33:Q33) -> 0 | W33: =Summary!$C$20*K33+Summary!$C$21*L33+Summary!$C$22*M33+Summary!$C$23*N33+Summary!$C$24*O33+Summary!$C$25*P33+Summary!$C$26*Q33 -> 0 | X33: 1.00:0.00 | Y33: 95 | Z33: 95 | AK33: Tank Prep
A34: 31 | B34: =1180-C34 -> -990 | C34: =SUM(D34:J34) -> 2170 | D34: =D33-K34 -> 971.3 | E34: =E33-L34 -> 150 | F34: =F33-M34 -> -660 | G34: =G33-N34 -> 298.7 | H34: =H33-O34 -> -390 | I34: =I33-P34 -> 900 | J34: =J33-Q34 -> 900 | V34: =SUM(K34:Q34) -> 0 | W34: =Summary!$C$20*K34+Summary!$C$21*L34+Summary!$C$22*M34+Summary!$C$23*N34+Summary!$C$24*O34+Summary!$C$25*P34+Summary!$C$26*Q34 -> 0 | AK34: Tank Prep
A35: 32 | B35: =1180-C35 -> -990 | C35: =SUM(D35:J35) -> 2170 | D35: =D34-K35 -> 971.3 | E35: =E34-L35 -> 150 | F35: =F34-M35 -> -660 | G35: =G34-N35 -> 298.7 | H35: =H34-O35 -> -390 | I35: =I34-P35 -> 900 | J35: =J34-Q35 -> 900 | V35: =SUM(K35:Q35) -> 0 | W35: =Summary!$C$20*K35+Summary!$C$21*L35+Summary!$C$22*M35+Summary!$C$23*N35+Summary!$C$24*O35+Summary!$C$25*P35+Summary!$C$26*Q35 -> 0 | AK35: Tank Prep
A36: 33 | B36: =1180-C36 -> -990 | C36: =SUM(D36:J36) -> 2170 | D36: =D35-K36 -> 971.3 | E36: =E35-L36 -> 150 | F36: =F35-M36 -> -660 | G36: =G35-N36 -> 298.7 | H36: =H35-O36 -> -390 | I36: =I35-P36 -> 900 | J36: =J35-Q36 -> 900 | V36: =SUM(K36:Q36) -> 0 | W36: =Summary!$C$20*K36+Summary!$C$21*L36+Summary!$C$22*M36+Summary!$C$23*N36+Summary!$C$24*O36+Summary!$C$25*P36+Summary!$C$26*Q36 -> 0 | AK36: F: 280, E: 100, D: 150
A37: 34 | B37: =1180-C37 -> -990 | C37: =SUM(D37:J37) -> 2170 | D37: =D36-K37 -> 971.3 | E37: =E36-L37 -> 150 | F37: =F36-M37 -> -660 | G37: =G36-N37 -> 298.7 | H37: =H36-O37 -> -390 | I37: =I36-P37 -> 900 | J37: =J36-Q37 -> 900 | V37: =SUM(K37:Q37) -> 0 | W37: =Summary!$C$20*K37+Summary!$C$21*L37+Summary!$C$22*M37+Summary!$C$23*N37+Summary!$C$24*O37+Summary!$C$25*P37+Summary!$C$26*Q37 -> 0
A38: 35 | B38: =1180-C38 -> -990 | C38: =SUM(D38:J38) -> 2170 | D38: =D37-K38 -> 971.3 | E38: =E37-L38 -> 150 | F38: =F37-M38 -> -660 | G38: =G37-N38 -> 298.7 | H38: =H37-O38 -> -390 | I38: =I37-P38 -> 900 | J38: =J37-Q38 -> 900 | V38: =SUM(K38:Q38) -> 0 | W38: =Summary!$C$20*K38+Summary!$C$21*L38+Summary!$C$22*M38+Summary!$C$23*N38+Summary!$C$24*O38+Summary!$C$25*P38+Summary!$C$26*Q38 -> 0
A39: 36 | B39: =1180-C39 -> -990 | C39: =SUM(D39:J39) -> 2170 | D39: =D38-K39 -> 971.3 | E39: =E38-L39 -> 150 | F39: =F38-M39 -> -660 | G39: =G38-N39 -> 298.7 | H39: =H38-O39 -> -390 | I39: =I38-P39 -> 900 | J39: =J38-Q39 -> 900 | V39: =SUM(K39:Q39) -> 0 | W39: =Summary!$C$20*K39+Summary!$C$21*L39+Summary!$C$22*M39+Summary!$C$23*N39+Summary!$C$24*O39+Summary!$C$25*P39+Summary!$C$26*Q39 -> 0
A40: 37 | B40: =1180-C40 -> -894.89257 | C40: =SUM(D40:J40) -> 2074.8926 | D40: =D39-K40 -> 971.3 | E40: =E39-L40 -> 150 | F40: =F39-M40 -> -666.18818 | G40: =G39-N40 -> 298.7 | H40: =H39-O40 -> -394.12545 | I40: =I39-P40 -> 815.20619 | J40: =J39-Q40 -> 900 | K40: 0 | L40: 0 | M40: =(24-P40/95*24)*96/24*0.6 -> 6.1881759 | N40: 0 | O40: =M40/0.6*0.4 -> 4.1254506 | P40: 84.793807 | Q40: 0 | V40: =SUM(K40:Q40) -> 95.107434 | W40: =Summary!$C$20*K40+Summary!$C$21*L40+Summary!$C$22*M40+Summary!$C$23*N40+Summary!$C$24*O40+Summary!$C$25*P40+Summary!$C$26*Q40 -> 989.62223
A41: 38 | B41: =1180-C41 -> -798.89257 | C41: =SUM(D41:J41) -> 1978.8926 | D41: =D40-K41 -> 971.3 | E41: =E40-L41 -> 150 | F41: =F40-M41 -> -723.78818 | G41: =G40-N41 -> 298.7 | H41: =H40-O41 -> -432.52545 | I41: =I40-P41 -> 815.20619 | J41: =J40-Q41 -> 900 | K41: 0 | L41: 0 | M41: =96*0.6 -> 57.6 | N41: 0 | O41: =96*0.4 -> 38.4 | P41: 0 | Q41: 0 | V41: =SUM(K41:Q41) -> 96 | W41: =Summary!$C$20*K41+Summary!$C$21*L41+Summary!$C$22*M41+Summary!$C$23*N41+Summary!$C$24*O41+Summary!$C$25*P41+Summary!$C$26*Q41 -> 1334.592
A42: 39 | B42: =1180-C42 -> -702.89257 | C42: =SUM(D42:J42) -> 1882.8926 | D42: =D41-K42 -> 971.3 | E42: =E41-L42 -> 150 | F42: =F41-M42 -> -781.38818 | G42: =G41-N42 -> 298.7 | H42: =H41-O42 -> -470.92545 | I42: =I41-P42 -> 815.20619 | J42: =J41-Q42 -> 900 | K42: 0 | L42: 0 | M42: =96*0.6 -> 57.6 | N42: 0 | O42: =96*0.4 -> 38.4 | P42: 0 | Q42: 0 | V42: =SUM(K42:Q42) -> 96 | W42: =Summary!$C$20*K42+Summary!$C$21*L42+Summary!$C$22*M42+Summary!$C$23*N42+Summary!$C$24*O42+Summary!$C$25*P42+Summary!$C$26*Q42 -> 1334.592
A43: 40 | B43: =1180-C43 -> -606.89257 | C43: =SUM(D43:J43) -> 1786.8926 | D43: =D42-K43 -> 971.3 | E43: =E42-L43 -> 150 | F43: =F42-M43 -> -838.98818 | G43: =G42-N43 -> 298.7 | H43: =H42-O43 -> -509.32545 | I43: =I42-P43 -> 815.20619 | J43: =J42-Q43 -> 900 | K43: 0 | L43: 0 | M43: =96*0.6 -> 57.6 | N43: 0 | O43: =96*0.4 -> 38.4 | P43: 0 | Q43: 0 | V43: =SUM(K43:Q43) -> 96 | W43: =Summary!$C$20*K43+Summary!$C$21*L43+Summary!$C$22*M43+Summary!$C$23*N43+Summary!$C$24*O43+Summary!$C$25*P43+Summary!$C$26*Q43 -> 1334.592
A44: 41 | B44: =1180-C44 -> -606.89257 | C44: =SUM(D44:J44) -> 1786.8926 | D44: =D43-K44 -> 971.3 | E44: =E43-L44 -> 150 | F44: =F43-M44 -> -838.98818 | G44: =G43-N44 -> 298.7 | H44: =H43-O44 -> -509.32545 | I44: =I43-P44 -> 815.20619 | J44: =J43-Q44 -> 900
Q45: Overall 30 days average | V45: =AVERAGE(V4:V33) -> 59.666667 | W45: =SUM(W4:W43) -> 30422.005 | AF45: KBD
Q46: Overall 40 days average | V46: =AVERAGE(V4:V43) -> 54.327686 | AF46: KBD
Q48: Total processing | V48: =SUM(V4:V43) -> 2173.1074 | AF48: KB
Q49: Opening | V49: =C3 -> 1050 | AF49: KB
Q50: Delivery | V50: 2910 | AF50: KB
Q51: Closing | V51: =C44 -> 1786.8926 | AF51: KB | AG51: =V49+V50 -> 3960
AG52: =AG51-V48 -> 1786.8926
Q53: Demurrage | V53: 3 | AF53: Days

Sheet Scenario 2
B1: All in KB | D1: Tapis | E1: Dulang | F1: Jitang | G1: Sepat | H1: KIMC | I1: Kimanis | J1: Bintulu
A2: Day | B2: Ullage | C2: Opening Inventory | D2: Inventory_Base | E2: Inventory_A | F2: Inventory_B | G2: Inventory_C | H2: Inventory_D | I2: Inventory_E | J2: Inventory_F | K2: Rate_Base | L2: Rate_A | M2: Rate_B | N2: Rate_C | O2: Rate_D | P2: Rate_E | Q2: Rate_F | R2: primary_grade | S2: secondary_grade | T2: primary_rate | U2: secondary_rate | V2: total_rate | W2: Crude Margin (USD k) | X2: ratio | Y2: capacity_used | Z2: capacity_limit | AA2: Tank 1 | AB2: Tank 2 | AC2: Tank 3 | AD2: Tank 4 | AE2: Tank 5 | AF2: Delivery 1 | AG2: Delivery 2 | AH2: Delivery 3 | AI2: Delivery 4 | AJ2: Delivery 5 | AK2: Delivery 6 | AL2: Comment
A3: 0 | B3: =1180-C3 -> 130 | C3: =SUM(D3:J3) -> 1050 | D3: 350 | E3: 0 | F3: 150 | G3: 150 | H3: 100 | I3: 0 | J3: 300 | K3: 0 | L3: 0 | M3: 0 | N3: 0 | O3: 0 | P3: 0 | Q3: 0 | V3: 0
A4: 1 | B4: =1180-C4 -> 225 | C4: =SUM(D4:J4) -> 955 | D4: =D3-K4 -> 280.65 | E4: =E3-L4 -> 0 | F4: =F3-M4 -> 150 | G4: =G3-N4 -> 124.35 | H4: =H3-O4 -> 100 | I4: =I3-P4 -> 0 | J4: =J3-Q4 -> 300 | K4: =95*0.73 -> 69.35 | L4: 0 | M4: 0 | N4: =95*0.27 -> 25.65 | O4: 0 | P4: 0 | Q4: 0 | R4: C | S4: D | T4: 57.6 | U4: 38.4 | V4: =SUM(K4:Q4) -> 95 | W4: =Summary!$C$20*K4+Summary!$C$21*L4+Summary!$C$22*M4+Summary!$C$23*N4+Summary!$C$24*O4+Summary!$C$25*P4+Summary!$C$26*Q4 -> 1592.7035 | X4: 0.60:0.40 | Y4: 96 | Z4: 96
A5: 2 | B5: =1180-C5 -> 320 | C5: =SUM(D5:J5) -> 860 | D5: =D4-K5 -> 211.3 | E5: =E4-L5 -> 0 | F5: =F4-M5 -> 150 | G5: =G4-N5 -> 98.7 | H5: =H4-O5 -> 100 | I5: =I4-P5 -> 0 | J5: =J4-Q5 -> 300 | K5: =95*0.73 -> 69.35 | L5: 0 | M5: 0 | N5: =95*0.27 -> 25.65 | O5: 0 | P5: 0 | Q5: 0 | R5: C | S5: D | T5: 57.6 | U5: 38.4 | V5: =SUM(K5:Q5) -> 95 | W5: =Summary!$C$20*K5+Summary!$C$21*L5+Summary!$C$22*M5+Summary!$C$23*N5+Summary!$C$24*O5+Summary!$C$25*P5+Summary!$C$26*Q5 -> 1592.7035 | X5: 0.60:0.40 | Y5: 96 | Z5: 96 | AF5: Load Base (1-3)
A6: 3 | B6: =1180-C6 -> 415 | C6: =SUM(D6:J6) -> 765 | D6: =D5-K6 -> 141.95 | E6: =E5-L6 -> 0 | F6: =F5-M6 -> 150 | G6: =G5-N6 -> 73.05 | H6: =H5-O6 -> 100 | I6: =I5-P6 -> 0 | J6: =J5-Q6 -> 300 | K6: =95*0.73 -> 69.35 | L6: 0 | M6: 0 | N6: =95*0.27 -> 25.65 | O6: 0 | P6: 0 | Q6: 0 | R6: C | S6: D | T6: 34.8 | U6: 23.2 | V6: =SUM(K6:Q6) -> 95 | W6: =Summary!$C$20*K6+Summary!$C$21*L6+Summary!$C$22*M6+Summary!$C$23*N6+Summary!$C$24*O6+Summary!$C$25*P6+Summary!$C$26*Q6 -> 1592.7035 | X6: 0.60:0.40 | Y6: 58 | Z6: 96 | AF6: Sail
A7: 4 | B7: =1180-C7 -> 510 | C7: =SUM(D7:J7) -> 670 | D7: =D6-K7 -> 72.6 | E7: =E6-L7 -> 0 | F7: =F6-M7 -> 150 | G7: =G6-N7 -> 47.4 | H7: =H6-O7 -> 100 | I7: =I6-P7 -> 0 | J7: =J6-Q7 -> 300 | K7: =95*0.73 -> 69.35 | L7: 0 | M7: 0 | N7: =95*0.27 -> 25.65 | O7: 0 | P7: 0 | Q7: 0 | R7: B | S7: Base | T7: 25.65 | U7: 69.35 | V7: =SUM(K7:Q7) -> 95 | W7: =Summary!$C$20*K7+Summary!$C$21*L7+Summary!$C$22*M7+Summary!$C$23*N7+Summary!$C$24*O7+Summary!$C$25*P7+Summary!$C$26*Q7 -> 1592.7035 | X7: 0.27:0.73 | Y7: 95 | Z7: 95 | AF7: Sail
A8: 5 | B8: =1180-C8 -> 605 | C8: =SUM(D8:J8) -> 575 | D8: =D7-K8 -> 3.25 | E8: =E7-L8 -> 0 | F8: =F7-M8 -> 150 | G8: =G7-N8 -> 21.75 | H8: =H7-O8 -> 100 | I8: =I7-P8 -> 0 | J8: =J7-Q8 -> 300 | K8: =95*0.73 -> 69.35 | L8: 0 | M8: 0 | N8: =95*0.27 -> 25.65 | O8: 0 | P8: 0 | Q8: 0 | R8: A | S8: Base | T8: 25.92 | U8: 70.08 | V8: =SUM(K8:Q8) -> 95 | W8: =Summary!$C$20*K8+Summary!$C$21*L8+Summary!$C$22*M8+Summary!$C$23*N8+Summary!$C$24*O8+Summary!$C$25*P8+Summary!$C$26*Q8 -> 1592.7035 | X8: 0.27:0.73 | Y8: 96 | Z8: 96 | AF8: Discharge | AG8: Load E (5-7)
A9: 6 | B9: =1180-C9 -> 300 | C9: =SUM(D9:J9) -> 880 | D9: =D8-K9+400 -> 403.25 | E9: =E8-L9 -> 0 | F9: =F8-M9 -> 150 | G9: =G8-N9 -> 21.75 | H9: =H8-O9 -> 100 | I9: =I8-P9 -> 0 | J9: =J8-Q9 -> 205 | K9: 0 | L9: 0 | M9: 0 | N9: 0 | O9: 0 | P9: 0 | Q9: 95 | R9: A | S9: Base | T9: 25.92 | U9: 70.08 | V9: =SUM(K9:Q9) -> 95 | W9: =Summary!$C$20*K9+Summary!$C$21*L9+Summary!$C$22*M9+Summary!$C$23*N9+Summary!$C$24*O9+Summary!$C$25*P9+Summary!$C$26*Q9 -> 947.15 | X9: 0.27:0.73 | Y9: 96 | Z9: 96 | AF9: Discharge | AG9: Sail to Sarawak
A10: 7 | B10: =1180-C10 -> 395 | C10: =SUM(D10:J10) -> 785 | D10: =D9-K10 -> 403.25 | E10: =E9-L10 -> 0 | F10: =F9-M10 -> 150 | G10: =G9-N10 -> 21.75 | H10: =H9-O10 -> 100 | I10: =I9-P10 -> 0 | J10: =J9-Q10 -> 110 | K10: 0 | L10: 0 | M10: 0 | N10: 0 | O10: 0 | P10: 0 | Q10: 95 | R10: A | S10: Base | T10: 25.92 | U10: 70.08 | V10: =SUM(K10:Q10) -> 95 | W10: =Summary!$C$20*K10+Summary!$C$21*L10+Summary!$C$22*M10+Summary!$C$23*N10+Summary!$C$24*O10+Summary!$C$25*P10+Summary!$C$26*Q10 -> 947.15 | X10: 0.27:0.73 | Y10: 96 | Z10: 96 | AF10: Tk prep | AG10: Load F (5-7)
A11: 8 | B11: =1180-C11 -> 490 | C11: =SUM(D11:J11) -> 690 | D11: =D10-K11 -> 403.25 | E11: =E10-L11 -> 0 | F11: =F10-M11 -> 150 | G11: =G10-N11 -> 21.75 | H11: =H10-O11 -> 100 | I11: =I10-P11 -> 0 | J11: =J10-Q11 -> 15 | K11: 0 | L11: 0 | M11: 0 | N11: 0 | O11: 0 | P11: 0 | Q11: 95 | R11: A | S11: Base | T11: 25.92 | U11: 70.08 | V11: =SUM(K11:Q11) -> 95 | W11: =Summary!$C$20*K11+Summary!$C$21*L11+Summary!$C$22*M11+Summary!$C$23*N11+Summary!$C$24*O11+Summary!$C$25*P11+Summary!$C$26*Q11 -> 947.15 | X11: 0.27:0.73 | Y11: 96 | Z11: 96 | AF11: Tk prep | AG11: Sail
A12: 9 | B12: =1180-C12 -> 585 | C12: =SUM(D12:J12) -> 595 | D12: =D11-K12 -> 403.25 | E12: =E11-L12 -> 0 | F12: =F11-M12 -> 93 | G12: =G11-N12 -> 21.75 | H12: =H11-O12 -> 62 | I12: =I11-P12 -> 0 | J12: =J11-Q12 -> 15 | K12: 0 | L12: 0 | M12: =(95-Q12)*0.6 -> 57 | N12: 0 | O12: =(95-Q12)*0.4 -> 38 | P12: 0 | Q12: 0 | R12: A | S12: Base | T12: 25.92 | U12: 70.08 | V12: =SUM(K12:Q12) -> 95 | W12: =Summary!$C$20*K12+Summary!$C$21*L12+Summary!$C$22*M12+Summary!$C$23*N12+Summary!$C$24*O12+Summary!$C$25*P12+Summary!$C$26*Q12 -> 1320.69 | X12: 0.27:0.73 | Y12: 96 | Z12: 96 | AF12: Tk prep | AG12: Sail
A13: 10 | B13: =1180-C13 -> 680.4 | C13: =SUM(D13:J13) -> 499.6 | D13: =D12-K13 -> 403.25 | E13: =E12-L13 -> 0 | F13: =F12-M13 -> 36 | G13: =G12-N13 -> 21.75 | H13: =H12-O13 -> 23.6 | I13: =I12-P13 -> 0 | J13: =J12-Q13 -> 15 | K13: 0 | L13: 0 | M13: =95*0.6 -> 57 | N13: 0 | O13: =96*0.4 -> 38.4 | P13: 0 | Q13: 0 | R13: A | S13: Base | T13: 20.4 | U13: 55.155556 | V13: =SUM(K13:Q13) -> 95.4 | W13: =Summary!$C$20*K13+Summary!$C$21*L13+Summary!$C$22*M13+Summary!$C$23*N13+Summary!$C$24*O13+Summary!$C$25*P13+Summary!$C$26*Q13 -> 1325.166 | X13: 0.27:0.73 | Y13: 75.555556 | Z13: 96 | AF13: Base: 400 | AG13: Sail | AH13: Load B (8-10)
A14: 11 | B14: =1180-C14 -> 775.4 | C14: =SUM(D14:J14) -> 404.6 | D14: =D13-K14 -> 368.25 | E14: =E13-L14 -> 0 | F14: =F13-M14 -> 0 | G14: =G13-N14 -> 21.75 | H14: =H13-O14 -> -0.4 | I14: =I13-P14 -> 0 | J14: =J13-Q14 -> 15 | K14: =95-(36+24) -> 35 | L14: 0 | M14: 36 | N14: 0 | O14: =(M14/60)*40 -> 24 | P14: 0 | Q14: 0 | R14: B | S14: Base | T14: 25.65 | U14: 69.35 | V14: =SUM(K14:Q14) -> 95 | W14: =Summary!$C$20*K14+Summary!$C$21*L14+Summary!$C$22*M14+Summary!$C$23*N14+Summary!$C$24*O14+Summary!$C$25*P14+Summary!$C$26*Q14 -> 1388.87 | X14: 0.27:0.73 | Y14: 95 | Z14: 95 | AG14: Discharge | AH14: Sail | AI14: Load E (10-11)
A15: 12 | B15: =1180-C15 -> 292.4 | C15: =SUM(D15:J15) -> 887.6 | D15: =D14-K15 -> 281.25 | E15: =E14-L15 -> 0 | F15: =F14-M15 -> 0 | G15: =G14-N15 -> 21.75 | H15: =H14-O15 -> -0.4 | I15: =I14-P15 +250 -> 250 | J15: =J14-Q15 + 320 -> 335 | K15: 87 | L15: 0 | M15: 0 | O15: 0 | P15: 0 | Q15: 0 | R15: B | S15: Base | T15: 25.65 | U15: 69.35 | V15: =SUM(K15:Q15) -> 87 | W15: =Summary!$C$20*K15+Summary!$C$21*L15+Summary!$C$22*M15+Summary!$C$23*N15+Summary!$C$24*O15+Summary!$C$25*P15+Summary!$C$26*Q15 -> 1378.95 | X15: 0.27:0.73 | Y15: 95 | Z15: 95 | AG15: Discharge | AH15: Sail | AI15: Sail
A16: 13 | B16: =1180-C16 -> 379.4 | C16: =SUM(D16:J16) -> 800.6 | D16: =D15-K16 -> 194.25 | E16: =E15-L16 -> 0 | F16: =F15-M16 -> 0 | G16: =G15-N16 -> 21.75 | H16: =H15-O16 -> -0.4 | I16: =I15-P16 -> 250 | J16: =J15-Q16 -> 335 | K16: 87 | L16: 0 | M16: 0 | N16: 0 | O16: 0 | P16: 0 | Q16: 0 | R16: B | S16: Base | T16: 25.65 | U16: 69.35 | V16: =SUM(K16:Q16) -> 87 | W16: =Summary!$C$20*K16+Summary!$C$21*L16+Summary!$C$22*M16+Summary!$C$23*N16+Summary!$C$24*O16+Summary!$C$25*P16+Summary!$C$26*Q16 -> 1378.95 | X16: 0.27:0.73 | Y16: 95 | Z16: 95 | AG16: Tank Prep | AH16: Discharge | AI16: Sail
A17: 14 | B17: =1180-C17 -> 316.4 | C17: =SUM(D17:J17) -> 863.6 | D17: =D16-K17 -> 107.25 | E17: =E16-L17 -> 0 | F17: =F16-M17 + 150 -> 150 | G17: =G16-N17 -> 21.75 | H17: =H16-O17 -> -0.4 | I17: =I16-P17 -> 250 | J17: =J16-Q17 -> 335 | K17: 87 | L17: 0 | M17: 0 | N17: 0 | O17: 0 | P17: 0 | Q17: 0 | R17: B | S17: Base | T17: 24.79726 | U17: 67.044444 | V17: =SUM(K17:Q17) -> 87 | W17: =Summary!$C$20*K17+Summary!$C$21*L17+Summary!$C$22*M17+Summary!$C$23*N17+Summary!$C$24*O17+Summary!$C$25*P17+Summary!$C$26*Q17 -> 1378.95 | X17: 0.27:0.73 | Y17: 91.841705 | Z17: 95 | AG17: Tank Prep | AH17: Discharge | AI17: Sail
A18: 15 | B18: =1180-C18 -> 411.88148 | C18: =SUM(D18:J18) -> 768.11852 | D18: =D17-K18 -> 47.768519 | E18: =E17-L18 -> 0 | F18: =F17-M18 -> 150 | G18: =G17-N18 -> -0.25 | H18: =H17-O18 -> -0.4 | I18: =I17-P18 -> 250 | J18: =J17-Q18 -> 321 | K18: =22/27*73 -> 59.481481 | L18: 0 | M18: 0 | N18: 22 | O18: 0 | P18: 0 | Q18: =95-81 -> 14 | R18: C | T18: 7.1054274e-15 | U18: 0 | V18: =SUM(K18:Q18) -> 95.481481 | W18: =Summary!$C$20*K18+Summary!$C$21*L18+Summary!$C$22*M18+Summary!$C$23*N18+Summary!$C$24*O18+Summary!$C$25*P18+Summary!$C$26*Q18 -> 1505.6415 | X18: 1.00:0.00 | Y18: 7.1054274e-15 | Z18: 96 | AG18: Tank Prep | AH18: Tk prep | AI18: Demurrage
A19: 16 | B19: =1180-C19 -> 506.88148 | C19: =SUM(D19:J19) -> 673.11852 | D19: =D18-K19 -> 47.768519 | E19: =E18-L19 -> 0 | F19: =F18-M19 -> 150 | G19: =G18-N19 -> -0.25 | H19: =H18-O19 -> -0.4 | I19: =I18-P19 -> 250 | J19: =J18-Q19 -> 226 | K19: 0 | L19: 0 | M19: 0 | N19: 0 | O19: 0 | P19: 0 | Q19: =(24-K19/87*24)*95/24 -> 95 | R19: B | T19: 95 | U19: 0 | V19: =SUM(K19:Q19) -> 95 | W19: =Summary!$C$20*K19+Summary!$C$21*L19+Summary!$C$22*M19+Summary!$C$23*N19+Summary!$C$24*O19+Summary!$C$25*P19+Summary!$C$26*Q19 -> 947.15 | X19: 1.00:0.00 | Y19: 95 | Z19: 95 | AG19: E: 250, F: 320, | AH19: Tk prep | AI19: Discharge
A20: 17 | B20: =1180-C20 -> 51.881481 | C20: =SUM(D20:J20) -> 1128.1185 | D20: =D19-K20 -> 47.768519 | E20: =E19-L20 -> 0 | F20: =F19-M20 -> 150 | G20: =G19-N20 -> -0.25 | H20: =H19-O20 -> -0.4 | I20: =I19-P20 + 550 -> 800 | J20: =J19-Q20 -> 131 | K20: 0 | L20: 0 | M20: 0 | N20: 0 | O20: 0 | P20: 0 | Q20: 95 | R20: B | T20: 77.60274 | U20: 0 | V20: =SUM(K20:Q20) -> 95 | W20: =Summary!$C$20*K20+Summary!$C$21*L20+Summary!$C$22*M20+Summary!$C$23*N20+Summary!$C$24*O20+Summary!$C$25*P20+Summary!$C$26*Q20 -> 947.15 | X20: 1.00:0.00 | Y20: 77.60274 | Z20: 95 | AH20: Tk prep | AI20: Discharge
A21: 18 | B21: =1180-C21 -> 146.88148 | C21: =SUM(D21:J21) -> 1033.1185 | D21: =D20-K21 -> 47.768519 | E21: =E20-L21 -> 0 | F21: =F20-M21 -> 150 | G21: =G20-N21 -> -0.25 | H21: =H20-O21 -> -0.4 | I21: =I20-P21 -> 800 | J21: =J20-Q21 -> 36 | K21: 0 | L21: 0 | M21: 0 | N21: 0 | O21: 0 | P21: 0 | Q21: =95-P21 -> 95 | R21: E | T21: 95 | U21: 0 | V21: =SUM(K21:Q21) -> 95 | W21: =Summary!$C$20*K21+Summary!$C$21*L21+Summary!$C$22*M21+Summary!$C$23*N21+Summary!$C$24*O21+Summary!$C$25*P21+Summary!$C$26*Q21 -> 947.15 | X21: 1.00:0.00 | Y21: 95 | Z21: 95 | AH21: B: 150 | AI21: Tank Prep | AJ21: Load Base (17-19)
A22: 19 | B22: =1180-C22 -> 241.88148 | C22: =SUM(D22:J22) -> 938.11852 | D22: =D21-K22 -> 47.768519 | E22: =E21-L22 -> 0 | F22: =F21-M22 -> 150 | G22: =G21-N22 -> -0.25 | H22: =H21-O22 -> -0.4 | I22: =I21-P22 -> 705 | J22: =J21-Q22 -> 36 | K22: 0 | L22: 0 | M22: 0 | N22: 0 | O22: 0 | P22: =95-Q22 -> 95 | Q22: 0 | R22: C | T22: 96 | U22: 0 | V22: =SUM(K22:Q22) -> 95 | W22: =Summary!$C$20*K22+Summary!$C$21*L22+Summary!$C$22*M22+Summary!$C$23*N22+Summary!$C$24*O22+Summary!$C$25*P22+Summary!$C$26*Q22 -> 948.1 | X22: 1.00:0.00 | Y22: 96 | Z22: 96 | AI22: Tank Prep | AJ22: Load C (17-19)
A23: 20 | B23: =1180-C23 -> 336.88148 | C23: =SUM(D23:J23) -> 843.11852 | D23: =D22-K23 -> 47.768519 | E23: =E22-L23 -> 0 | F23: =F22-M23 -> 150 | G23: =G22-N23 -> -0.25 | H23: =H22-O23 -> -0.4 | I23: =I22-P23 -> 610 | J23: =J22-Q23 -> 36 | K23: 0 | L23: 0 | M23: 0 | N23: 0 | O23: 0 | P23: 95 | Q23: 0 | R23: C | T23: 96 | U23: 0 | V23: =SUM(K23:Q23) -> 95 | W23: =Summary!$C$20*K23+Summary!$C$21*L23+Summary!$C$22*M23+Summary!$C$23*N23+Summary!$C$24*O23+Summary!$C$25*P23+Summary!$C$26*Q23 -> 948.1 | X23: 1.00:0.00 | Y23: 96 | Z23: 96 | AI23: Tank Prep | AJ23: Sail
A24: 21 | B24: =1180-C24 -> 431.88148 | C24: =SUM(D24:J24) -> 748.11852 | D24: =D23-K24 -> 47.768519 | E24: =E23-L24 -> 0 | F24: =F23-M24 -> 150 | G24: =G23-N24 -> -0.25 | H24: =H23-O24 -> -0.4 | I24: =I23-P24 -> 515 | J24: =J23-Q24 -> 36 | K24: 0 | L24: 0 | M24: 0 | N24: 0 | O24: 0 | P24: 95 | Q24: 0 | R24: C | T24: 8 | U24: 0 | V24: =SUM(K24:Q24) -> 95 | W24: =Summary!$C$20*K24+Summary!$C$21*L24+Summary!$C$22*M24+Summary!$C$23*N24+Summary!$C$24*O24+Summary!$C$25*P24+Summary!$C$26*Q24 -> 948.1 | X24: 1.00:0.00 | Y24: 8 | Z24: 96 | AI24: E: 550 | AJ24: Sail | AK24: Load F (19-22)
A25: 22 | B25: =1180-C25 -> 526.88148 | C25: =SUM(D25:J25) -> 653.11852 | D25: =D24-K25 -> 47.768519 | E25: =E24-L25 -> 0 | F25: =F24-M25 -> 150 | G25: =G24-N25 -> -0.25 | H25: =H24-O25 -> -0.4 | I25: =I24-P25 -> 420 | J25: =J24-Q25 -> 36 | K25: 0 | L25: 0 | M25: 0 | N25: 0 | O25: 0 | P25: =95-Q25 -> 95 | Q25: 0 | R25: Base | T25: 87 | U25: 0 | V25: =SUM(K25:Q25) -> 95 | W25: =Summary!$C$20*K25+Summary!$C$21*L25+Summary!$C$22*M25+Summary!$C$23*N25+Summary!$C$24*O25+Summary!$C$25*P25+Summary!$C$26*Q25 -> 948.1 | X25: 1.00:0.00 | Y25: 87 | Z25: 87 | AJ25: Discharge | AK25: Sail to Sabah
A26: 23 | B26: =1180-C26 -> 61.881481 | C26: =SUM(D26:J26) -> 1118.1185 | D26: =D25-K26 + 360 -> 407.76852 | E26: =E25-L26 -> 0 | F26: =F25-M26 -> 150 | G26: =G25-N26 + 200 -> 199.75 | H26: =H25-O26 -> -0.4 | I26: =I25-P26 -> 325 | J26: =J25-Q26 -> 36 | K26: 0 | L26: 0 | M26: 0 | N26: 0 | O26: 0 | P26: 95 | Q26: 0 | R26: Base | T26: 87 | U26: 0 | V26: =SUM(K26:Q26) -> 95 | W26: =Summary!$C$20*K26+Summary!$C$21*L26+Summary!$C$22*M26+Summary!$C$23*N26+Summary!$C$24*O26+Summary!$C$25*P26+Summary!$C$26*Q26 -> 948.1 | X26: 1.00:0.00 | Y26: 87 | Z26: 87 | AJ26: Discharge | AK26: Load E (23-24)
A27: 24 | B27: =1180-C27 -> 156.88148 | C27: =SUM(D27:J27) -> 1023.1185 | D27: =D26-K27 -> 407.76852 | E27: =E26-L27 -> 0 | F27: =F26-M27 -> 150 | G27: =G26-N27 -> 199.75 | H27: =H26-O27 -> -0.4 | I27: =I26-P27 -> 230 | J27: =J26-Q27 -> 36 | K27: 0 | L27: 0 | M27: 0 | N27: 0 | O27: 0 | P27: 95 | Q27: 0 | R27: Base | T27: 87 | U27: 0 | V27: =SUM(K27:Q27) -> 95 | W27: =Summary!$C$20*K27+Summary!$C$21*L27+Summary!$C$22*M27+Summary!$C$23*N27+Summary!$C$24*O27+Summary!$C$25*P27+Summary!$C$26*Q27 -> 948.1 | X27: 1.00:0.00 | Y27: 87 | Z27: 87 | AJ27: Tank Prep | AK27: Load D (23-24)
A28: 25 | B28: =1180-C28 -> 251.88148 | C28: =SUM(D28:J28) -> 928.11852 | D28: =D27-K28 -> 407.76852 | E28: =E27-L28 -> 0 | F28: =F27-M28 -> 150 | G28: =G27-N28 -> 199.75 | H28: =H27-O28 -> -0.4 | I28: =I27-P28 -> 135 | J28: =J27-Q28 -> 36 | K28: 0 | L28: 0 | M28: 0 | N28: 0 | O28: 0 | P28: 95 | Q28: 0 | R28: Base | T28: 87 | U28: 0 | V28: =SUM(K28:Q28) -> 95 | W28: =Summary!$C$20*K28+Summary!$C$21*L28+Summary!$C$22*M28+Summary!$C$23*N28+Summary!$C$24*O28+Summary!$C$25*P28+Summary!$C$26*Q28 -> 948.1 | X28: 1.00:0.00 | Y28: 87 | Z28: 87 | AJ28: Tank Prep | AK28: Sail
A29: 26 | B29: =1180-C29 -> 346.88148 | C29: =SUM(D29:J29) -> 833.11852 | D29: =D28-K29 -> 407.76852 | E29: =E28-L29 -> 0 | F29: =F28-M29 -> 150 | G29: =G28-N29 -> 199.75 | H29: =H28-O29 -> -0.4 | I29: =I28-P29 -> 40 | J29: =J28-Q29 -> 36 | K29: 0 | L29: 0 | M29: 0 | N29: 0 | O29: 0 | P29: 95 | Q29: 0 | R29: Base | T29: 12 | U29: 0 | V29: =SUM(K29:Q29) -> 95 | W29: =Summary!$C$20*K29+Summary!$C$21*L29+Summary!$C$22*M29+Summary!$C$23*N29+Summary!$C$24*O29+Summary!$C$25*P29+Summary!$C$26*Q29 -> 948.1 | X29: 1.00:0.00 | Y29: 12 | Z29: 87 | AJ29: Tank Prep | AK29: Sail
A30: 27 | B30: =1180-C30 -> 441.88148 | C30: =SUM(D30:J30) -> 738.11852 | D30: =D29-K30 -> 338.76852 | E30: =E29-L30 -> 0 | F30: =F29-M30 -> 150 | G30: =G29-N30 -> 173.75 | H30: =H29-O30 -> -0.4 | I30: =I29-P30 -> 40 | J30: =J29-Q30 -> 36 | K30: 69 | L30: 0 | M30: 0 | N30: 26 | O30: 0 | P30: 0 | Q30: 0 | R30: D | T30: 95 | U30: 0 | V30: =SUM(K30:Q30) -> 95 | W30: =Summary!$C$20*K30+Summary!$C$21*L30+Summary!$C$22*M30+Summary!$C$23*N30+Summary!$C$24*O30+Summary!$C$25*P30+Summary!$C$26*Q30 -> 1593.89 | X30: 1.00:0.00 | Y30: 95 | Z30: 95 | AJ30: Base: 360, C: 200 | AK30: Sail
A31: 28 | B31: =1180-C31 -> 536.88148 | C31: =SUM(D31:J31) -> 643.11852 | D31: =D30-K31 -> 269.41852 | E31: =E30-L31 -> 0 | F31: =F30-M31 -> 150 | G31: =G30-N31 -> 148.1 | H31: =H30-O31 -> -0.4 | I31: =I30-P31 -> 40 | J31: =J30-Q31 -> 36 | K31: =95*0.73 -> 69.35 | L31: 0 | M31: 0 | N31: =95*0.27 -> 25.65 | O31: 0 | P31: 0 | Q31: 0 | R31: D | T31: 55 | U31: 0 | V31: =SUM(K31:Q31) -> 95 | W31: =Summary!$C$20*K31+Summary!$C$21*L31+Summary!$C$22*M31+Summary!$C$23*N31+Summary!$C$24*O31+Summary!$C$25*P31+Summary!$C$26*Q31 -> 1592.7035 | X31: 1.00:0.00 | Y31: 55 | Z31: 95 | AK31: Discharge
A32: 29 | B32: =1180-C32 -> 101.88148 | C32: =SUM(D32:J32) -> 1078.1185 | D32: =D31-K32 -> 200.06852 | E32: =E31-L32 -> 0 | F32: =F31-M32 -> 150 | G32: =G31-N32 -> 122.45 | H32: =H31-O32 + 150 -> 149.6 | I32: =I31-P32 + 100 -> 140 | J32: =J31-Q32 + 280 -> 316 | K32: =95*0.73 -> 69.35 | L32: 0 | M32: 0 | N32: =95*0.27 -> 25.65 | O32: 0 | P32: 0 | Q32: 0 | R32: E | T32: 95 | U32: 0 | V32: =SUM(K32:Q32) -> 95 | W32: =Summary!$C$20*K32+Summary!$C$21*L32+Summary!$C$22*M32+Summary!$C$23*N32+Summary!$C$24*O32+Summary!$C$25*P32+Summary!$C$26*Q32 -> 1592.7035 | X32: 1.00:0.00 | Y32: 95 | Z32: 95 | AK32: Discharge
A33: 30 | B33: =1180-C33 -> 196.88148 | C33: =SUM(D33:J33) -> 983.11852 | D33: =D32-K33 -> 130.71852 | E33: =E32-L33 -> 0 | F33: =F32-M33 -> 150 | G33: =G32-N33 -> 96.8 | H33: =H32-O33 -> 149.6 | I33: =I32-P33 -> 140 | J33: =J32-Q33 -> 316 | K33: =95*0.73 -> 69.35 | L33: 0 | M33: 0 | N33: =95*0.27 -> 25.65 | O33: 0 | P33: 0 | Q33: 0 | R33: E | T33: 95 | U33: 0 | V33: =SUM(K33:Q33) -> 95 | W33: =Summary!$C$20*K33+Summary!$C$21*L33+Summary!$C$22*M33+Summary!$C$23*N33+Summary!$C$24*O33+Summary!$C$25*P33+Summary!$C$26*Q33 -> 1592.7035 | X33: 1.00:0.00 | Y33: 95 | Z33: 95 | AK33: Tank Prep
A34: 31 | B34: =1180-C34 -> 291.88148 | C34: =SUM(D34:J34) -> 888.11852 | D34: =D33-K34 -> 61.368519 | E34: =E33-L34 -> 0 | F34: =F33-M34 -> 150 | G34: =G33-N34 -> 71.15 | H34: =H33-O34 -> 149.6 | I34: =I33-P34 -> 140 | J34: =J33-Q34 -> 316 | K34: =95*0.73 -> 69.35 | L34: 0 | M34: 0 | N34: =95*0.27 -> 25.65 | O34: 0 | P34: 0 | Q34: 0 | V34: =SUM(K34:Q34) -> 95 | W34: =Summary!$C$20*K34+Summary!$C$21*L34+Summary!$C$22*M34+Summary!$C$23*N34+Summary!$C$24*O34+Summary!$C$25*P34+Summary!$C$26*Q34 -> 1592.7035 | AK34: Tank Prep
A35: 32 | B35: =1180-C35 -> 386.44313 | C35: =SUM(D35:J35) -> 793.55687 | D35: =D34-K35 -> 0.36851852 | E35: =E34-L35 -> 0 | F35: =F34-M35 -> 150 | G35: =G34-N35 -> 48.588356 | H35: =H34-O35 -> 149.6 | I35: =I34-P35 -> 129 | J35: =J34-Q35 -> 316 | K35: 61 | L35: 0 | M35: 0 | N35: =61/73*27 -> 22.561644 | O35: 0 | P35: =95-84 -> 11 | Q35: 0 | V35: =SUM(K35:Q35) -> 94.561644 | W35: =Summary!$C$20*K35+Summary!$C$21*L35+Summary!$C$22*M35+Summary!$C$23*N35+Summary!$C$24*O35+Summary!$C$25*P35+Summary!$C$26*Q35 -> 1510.716 | AK35: Tank Prep
A36: 33 | B36: =1180-C36 -> 481.44313 | C36: =SUM(D36:J36) -> 698.55687 | D36: =D35-K36 -> 0.36851852 | E36: =E35-L36 -> 0 | F36: =F35-M36 -> 150 | G36: =G35-N36 -> 48.588356 | H36: =H35-O36 -> 149.6 | I36: =I35-P36 -> 34 | J36: =J35-Q36 -> 316 | L36: 0 | M36: 0 | N36: =(K36/73)*27 -> 0 | O36: 0 | P36: =95-N36-K36 -> 95 | Q36: 0 | V36: =SUM(K36:Q36) -> 95 | W36: =Summary!$C$20*K36+Summary!$C$21*L36+Summary!$C$22*M36+Summary!$C$23*N36+Summary!$C$24*O36+Summary!$C$25*P36+Summary!$C$26*Q36 -> 948.1 | AK36: F: 280, E: 100, D: 150
A37: 34 | B37: =1180-C37 -> 576.44313 | C37: =SUM(D37:J37) -> 603.55687 | D37: =D36-K37 -> 0.36851852 | E37: =E36-L37 -> 0 | F37: =F36-M37 -> 150 | G37: =G36-N37 -> 48.588356 | H37: =H36-O37 -> 149.6 | I37: =I36-P37 -> 34 | J37: =J36-Q37 -> 221 | K37: 0 | L37: 0 | M37: 0 | N37: 0 | O37: 0 | P37: 0 | Q37: =95-P37 -> 95 | V37: =SUM(K37:Q37) -> 95 | W37: =Summary!$C$20*K37+Summary!$C$21*L37+Summary!$C$22*M37+Summary!$C$23*N37+Summary!$C$24*O37+Summary!$C$25*P37+Summary!$C$26*Q37 -> 947.15
A38: 35 | B38: =1180-C38 -> 671.44313 | C38: =SUM(D38:J38) -> 508.55687 | D38: =D37-K38 -> 0.36851852 | E38: =E37-L38 -> 0 | F38: =F37-M38 -> 150 | G38: =G37-N38 -> 48.588356 | H38: =H37-O38 -> 149.6 | I38: =I37-P38 -> 34 | J38: =J37-Q38 -> 126 | K38: 0 | L38: 0 | M38: 0 | N38: 0 | O38: 0 | P38: 0 | Q38: 95 | V38: =SUM(K38:Q38) -> 95 | W38: =Summary!$C$20*K38+Summary!$C$21*L38+Summary!$C$22*M38+Summary!$C$23*N38+Summary!$C$24*O38+Summary!$C$25*P38+Summary!$C$26*Q38 -> 947.15
A39: 36 | B39: =1180-C39 -> 766.44313 | C39: =SUM(D39:J39) -> 413.55687 | D39: =D38-K39 -> 0.36851852 | E39: =E38-L39 -> 0 | F39: =F38-M39 -> 150 | G39: =G38-N39 -> 48.588356 | H39: =H38-O39 -> 149.6 | I39: =I38-P39 -> 34 | J39: =J38-Q39 -> 31 | K39: 0 | L39: 0 | M39: 0 | N39: 0 | O39: 0 | P39: 0 | Q39: 95 | V39: =SUM(K39:Q39) -> 95 | W39: =Summary!$C$20*K39+Summary!$C$21*L39+Summary!$C$22*M39+Summary!$C$23*N39+Summary!$C$24*O39+Summary!$C$25*P39+Summary!$C$26*Q39 -> 947.15
A40: 37 | B40: =1180-C40 -> 861.44313 | C40: =SUM(D40:J40) -> 318.55687 | D40: =D39-K40 -> 0.36851852 | E40: =E39-L40 -> 0 | F40: =F39-M40 -> 93 | G40: =G39-N40 -> 48.588356 | H40: =H39-O40 -> 111.6 | I40: =I39-P40 -> 34 | J40: =J39-Q40 -> 31 | K40: 0 | L40: 0 | M40: =(95-Q40)*0.6 -> 57 | N40: 0 | O40: =(95-Q40)*0.4 -> 38 | P40: 0 | Q40: 0 | V40: =SUM(K40:Q40) -> 95 | W40: =Summary!$C$20*K40+Summary!$C$21*L40+Summary!$C$22*M40+Summary!$C$23*N40+Summary!$C$24*O40+Summary!$C$25*P40+Summary!$C$26*Q40 -> 1320.69
A41: 38 | B41: =1180-C41 -> 956.84313 | C41: =SUM(D41:J41) -> 223.15687 | D41: =D40-K41 -> 0.36851852 | E41: =E40-L41 -> 0 | F41: =F40-M41 -> 36 | G41: =G40-N41 -> 48.588356 | H41: =H40-O41 -> 73.2 | I41: =I40-P41 -> 34 | J41: =J40-Q41 -> 31 | K41: 0 | L41: 0 | M41: =95*0.6 -> 57 | N41: 0 | O41: =96*0.4 -> 38.4 | P41: 0 | Q41: 0 | V41: =SUM(K41:Q41) -> 95.4 | W41: =Summary!$C$20*K41+Summary!$C$21*L41+Summary!$C$22*M41+Summary!$C$23*N41+Summary!$C$24*O41+Summary!$C$25*P41+Summary!$C$26*Q41 -> 1325.166
A42: 39 | B42: =1180-C42 -> 1051.8431 | C42: =SUM(D42:J42) -> 128.15687 | D42: =D41-K42 -> 0.36851852 | E42: =E41-L42 -> 0 | F42: =F41-M42 -> 0 | G42: =G41-N42 -> 48.588356 | H42: =H41-O42 -> 49.2 | I42: =I41-P42 -> 0 | J42: =J41-Q42 -> 30 | K42: 0 | L42: 0 | M42: 36 | N42: 0 | O42: =36/60*40 -> 24 | P42: 34 | Q42: 1 | V42: =SUM(K42:Q42) -> 95 | W42: =Summary!$C$20*K42+Summary!$C$21*L42+Summary!$C$22*M42+Summary!$C$23*N42+Summary!$C$24*O42+Summary!$C$25*P42+Summary!$C$26*Q42 -> 1183.41
A43: 40 | B43: =1180-C43 -> 1081.8431 | C43: =SUM(D43:J43) -> 98.156875 | D43: =D42-K43 -> 0.36851852 | E43: =E42-L43 -> 0 | F43: =F42-M43 -> 0 | G43: =G42-N43 -> 48.588356 | H43: =H42-O43 -> 49.2 | I43: =I42-P43 -> 0 | J43: =J42-Q43 -> 0 | K43: 0 | L43: 0 | M43: 0 | N43: 0 | O43: 0 | P43: 0 | Q43: 30 | V43: =SUM(K43:Q43) -> 30 | W43: =Summary!$C$20*K43+Summary!$C$21*L43+Summary!$C$22*M43+Summary!$C$23*N43+Summary!$C$24*O43+Summary!$C$25*P43+Summary!$C$26*Q43 -> 299.1
W44: =SUM(W4:W43) -> 48301.771 | AG44: Delta from Base Case
Q45: Overall 30 days average | V45: =AVERAGE(V4:V33) -> 94.229383 | W45: KBD | AG45: =V45-'Base Case (Working)'!V47 -> 0.36271605 | AH45: KBD
Q46: Overall 39 days average | V46: =AVERAGE(V4:V42) -> 94.406234 | W46: KBD | AG46: =V46-'Base Case (Working)'!V48 -> 1.531234
AG47: Check
Q48: Total processing | V48: =SUM(V4:V43) -> 3711.8431 | W48: KB
Q49: Opening | V49: =C3 -> 1050 | W49: KB
Q50: Delivery | V50: =2910-150 -> 2760 | W50: KB | AH50: =V49+V50 -> 3810
Q51: Closing | V51: =C44 -> 0 | W51: KB | AG51: =V49+V50-V46*39 -> 128.15687 | AH51: =AH50-V48 -> 98.156875
Q53: Demurrage | V53: 1 | W53: Days
Q55: Remarks | V55: Compared to Base Case:
V56: Rate reduction by 1KBD
V57: Finish 1 day earlier on Day 39, no more feasible pairing
V58: Demurrage reduces from 3 to 1 days

Sheet Scenario 3
B1: All in KB | D1: Tapis | E1: Dulang | F1: Jitang | G1: Sepat | H1: KIMC | I1: Kimanis | J1: Bintulu | K1: Kidurong
A2: Day | B2: Ullage | C2: Opening Inventory | D2: Inventory_Base | E2: Inventory_A | F2: Inventory_B | G2: Inventory_C | H2: Inventory_D | I2: Inventory_E | J2: Inventory_F | K2: Inventory G | L2: Rate_Base | M2: Rate_A | N2: Rate_B | O2: Rate_C | P2: Rate_D | Q2: Rate_E | R2: Rate_F | S2: Rate_G | T2: primary_grade | U2: secondary_grade | V2: primary_rate | W2: secondary_rate | X2: total_rate | Y2: Crude Margin (USD k) | Z2: ratio | AA2: capacity_used | AB2: capacity_limit | AC2: Tank 1 | AD2: Tank 2 | AE2: Tank 3 | AF2: Tank 4 | AG2: Tank 5 | AH2: Delivery 1 | AI2: Delivery 2 | AJ2: Delivery 3 | AK2: Delivery 4 | AL2: Delivery 5 | AM2: Delivery 6 | AN2: Comment
A3: 0 | B3: =1180-C3 -> 130 | C3: =SUM(D3:K3) -> 1050 | D3: 350 | E3: 0 | F3: 150 | G3: 150 | H3: 100 | I3: 0 | J3: 300 | K3: 0 | L3: 0 | M3: 0 | N3: 0 | O3: 0 | P3: 0 | Q3: 0 | R3: 0 | S3: 0 | X3: 0
A4: 1 | B4: =1180-C4 -> 225 | C4: =SUM(D4:K4) -> 955 | D4: =D3-L4 -> 280.65 | E4: =E3-M4 -> 0 | F4: =F3-N4 -> 150 | G4: =G3-O4 -> 124.35 | H4: =H3-P4 -> 100 | I4: =I3-Q4 -> 0 | J4: =J3-R4 -> 300 | K4: =K3-S4 -> 0 | L4: =95*0.73 -> 69.35 | M4: 0 | N4: 0 | O4: =95*0.27 -> 25.65 | P4: 0 | Q4: 0 | R4: 0 | S4: 0 | T4: C | U4: D | V4: 57.6 | W4: 38.4 | X4: =SUM(L4:S4) -> 95 | Y4: =Summary!$C$20*M4+Summary!$C$21*N4+Summary!$C$22*O4+Summary!$C$23*P4+Summary!$C$24*Q4+Summary!$C$25*R4+Summary!$C$26*S4 -> 402.9615 | Z4: 0.60:0.40 | AA4: 96 | AB4: 96
A5: 2 | B5: =1180-C5 -> 320 | C5: =SUM(D5:K5) -> 860 | D5: =D4-L5 -> 211.3 | E5: =E4-M5 -> 0 | F5: =F4-N5 -> 150 | G5: =G4-O5 -> 98.7 | H5: =H4-P5 -> 100 | I5: =I4-Q5 -> 0 | J5: =J4-R5 -> 300 | K5: =K4-S5 -> 0 | L5: =95*0.73 -> 69.35 | M5: 0 | N5: 0 | O5: =95*0.27 -> 25.65 | P5: 0 | Q5: 0 | R5: 0 | S5: 0 | T5: C | U5: D | V5: 57.6 | W5: 38.4 | X5: =SUM(L5:S5) -> 95 | Y5: =Summary!$C$20*M5+Summary!$C$21*N5+Summary!$C$22*O5+Summary!$C$23*P5+Summary!$C$24*Q5+Summary!$C$25*R5+Summary!$C$26*S5 -> 402.9615 | Z5: 0.60:0.40 | AA5: 96 | AB5: 96 | AH5: Load Base (1-3)
A6: 3 | B6: =1180-C6 -> 415 | C6: =SUM(D6:K6) -> 765 | D6: =D5-L6 -> 141.95 | E6: =E5-M6 -> 0 | F6: =F5-N6 -> 150 | G6: =G5-O6 -> 73.05 | H6: =H5-P6 -> 100 | I6: =I5-Q6 -> 0 | J6: =J5-R6 -> 300 | K6: =K5-S6 -> 0 | L6: =95*0.73 -> 69.35 | M6: 0 | N6: 0 | O6: =95*0.27 -> 25.65 | P6: 0 | Q6: 0 | R6: 0 | S6: 0 | T6: C | U6: D | V6: 34.8 | W6: 23.2 | X6: =SUM(L6:S6) -> 95 | Y6: =Summary!$C$20*M6+Summary!$C$21*N6+Summary!$C$22*O6+Summary!$C$23*P6+Summary!$C$24*Q6+Summary!$C$25*R6+Summary!$C$26*S6 -> 402.9615 | Z6: 0.60:0.40 | AA6: 58 | AB6: 96 | AH6: Sail
A7: 4 | B7: =1180-C7 -> 510 | C7: =SUM(D7:K7) -> 670 | D7: =D6-L7 -> 72.6 | E7: =E6-M7 -> 0 | F7: =F6-N7 -> 150 | G7: =G6-O7 -> 47.4 | H7: =H6-P7 -> 100 | I7: =I6-Q7 -> 0 | J7: =J6-R7 -> 300 | K7: =K6-S7 -> 0 | L7: =95*0.73 -> 69.35 | M7: 0 | N7: 0 | O7: =95*0.27 -> 25.65 | P7: 0 | Q7: 0 | R7: 0 | S7: 0 | T7: B | U7: Base | V7: 25.65 | W7: 69.35 | X7: =SUM(L7:S7) -> 95 | Y7: =Summary!$C$20*M7+Summary!$C$21*N7+Summary!$C$22*O7+Summary!$C$23*P7+Summary!$C$24*Q7+Summary!$C$25*R7+Summary!$C$26*S7 -> 402.9615 | Z7: 0.27:0.73 | AA7: 95 | AB7: 95 | AH7: Sail
A8: 5 | B8: =1180-C8 -> 605 | C8: =SUM(D8:K8) -> 575 | D8: =D7-L8 -> 3.25 | E8: =E7-M8 -> 0 | F8: =F7-N8 -> 150 | G8: =G7-O8 -> 21.75 | H8: =H7-P8 -> 100 | I8: =I7-Q8 -> 0 | J8: =J7-R8 -> 300 | K8: =K7-S8 -> 0 | L8: =95*0.73 -> 69.35 | M8: 0 | N8: 0 | O8: =95*0.27 -> 25.65 | P8: 0 | Q8: 0 | R8: 0 | S8: 0 | T8: A | U8: Base | V8: 25.92 | W8: 70.08 | X8: =SUM(L8:S8) -> 95 | Y8: =Summary!$C$20*M8+Summary!$C$21*N8+Summary!$C$22*O8+Summary!$C$23*P8+Summary!$C$24*Q8+Summary!$C$25*R8+Summary!$C$26*S8 -> 402.9615 | Z8: 0.27:0.73 | AA8: 96 | AB8: 96 | AH8: Discharge | AI8: Load E (5-7)
A9: 6 | B9: =1180-C9 -> 300 | C9: =SUM(D9:K9) -> 880 | D9: =D8-L9 + 400 -> 403.25 | E9: =E8-M9 -> 0 | F9: =F8-N9 -> 150 | G9: =G8-O9 -> 21.75 | H9: =H8-P9 -> 100 | I9: =I8-Q9 -> 0 | J9: =J8-R9 -> 205 | K9: =K8-S9 -> 0 | L9: 0 | M9: 0 | N9: 0 | O9: 0 | P9: 0 | Q9: 0 | R9: 95 | S9: 0 | T9: A | U9: Base | V9: 25.92 | W9: 70.08 | X9: =SUM(L9:S9) -> 95 | Y9: =Summary!$C$20*M9+Summary!$C$21*N9+Summary!$C$22*O9+Summary!$C$23*P9+Summary!$C$24*Q9+Summary!$C$25*R9+Summary!$C$26*S9 -> 948.1 | Z9: 0.27:0.73 | AA9: 96 | AB9: 96 | AH9: Discharge | AI9: Sail to Sarawak | AJ9: Load F (320)
A10: 7 | B10: =1180-C10 -> 395 | C10: =SUM(D10:K10) -> 785 | D10: =D9-L10 -> 403.25 | E10: =E9-M10 -> 0 | F10: =F9-N10 -> 150 | G10: =G9-O10 -> 21.75 | H10: =H9-P10 -> 100 | I10: =I9-Q10 -> 0 | J10: =J9-R10 -> 110 | K10: =K9-S10 -> 0 | L10: 0 | M10: 0 | N10: 0 | O10: 0 | P10: 0 | Q10: 0 | R10: 95 | S10: 0 | T10: A | U10: Base | V10: 25.92 | W10: 70.08 | X10: =SUM(L10:S10) -> 95 | Y10: =Summary!$C$20*M10+Summary!$C$21*N10+Summary!$C$22*O10+Summary!$C$23*P10+Summary!$C$24*Q10+Summary!$C$25*R10+Summary!$C$26*S10 -> 948.1 | Z10: 0.27:0.73 | AA10: 96 | AB10: 96 | AH10: Tk prep | AI10: Load G (5-7) | AJ10: Sail
A11: 8 | B11: =1180-C11 -> 490 | C11: =SUM(D11:K11) -> 690 | D11: =D10-L11 -> 403.25 | E11: =E10-M11 -> 0 | F11: =F10-N11 -> 150 | G11: =G10-O11 -> 21.75 | H11: =H10-P11 -> 100 | I11: =I10-Q11 -> 0 | J11: =J10-R11 -> 15 | K11: =K10-S11 -> 0 | L11: 0 | M11: 0 | N11: 0 | O11: 0 | P11: 0 | Q11: 0 | R11: 95 | S11: 0 | T11: A | U11: Base | V11: 25.92 | W11: 70.08 | X11: =SUM(L11:S11) -> 95 | Y11: =Summary!$C$20*M11+Summary!$C$21*N11+Summary!$C$22*O11+Summary!$C$23*P11+Summary!$C$24*Q11+Summary!$C$25*R11+Summary!$C$26*S11 -> 948.1 | Z11: 0.27:0.73 | AA11: 96 | AB11: 96 | AH11: Tk prep | AI11: Sail | AJ11: Sail
A12: 9 | B12: =1180-C12 -> 585 | C12: =SUM(D12:K12) -> 595 | D12: =D11-L12 -> 403.25 | E12: =E11-M12 -> 0 | F12: =F11-N12 -> 93 | G12: =G11-O12 -> 21.75 | H12: =H11-P12 -> 62 | I12: =I11-Q12 -> 0 | J12: =J11-R12 -> 15 | K12: =K11-S12 -> 0 | L12: 0 | M12: 0 | N12: =(95-R12)*0.6 -> 57 | O12: 0 | P12: =(95-R12)*0.4 -> 38 | Q12: 0 | S12: 0 | T12: A | U12: Base | V12: 25.92 | W12: 70.08 | X12: =SUM(L12:S12) -> 95 | Y12: =Summary!$C$20*M12+Summary!$C$21*N12+Summary!$C$22*O12+Summary!$C$23*P12+Summary!$C$24*Q12+Summary!$C$25*R12+Summary!$C$26*S12 -> 1783.91 | Z12: 0.27:0.73 | AA12: 96 | AB12: 96 | AH12: Tk prep | AI12: Sail | AJ12: Sail
A13: 10 | B13: =1180-C13 -> 680 | C13: =SUM(D13:K13) -> 500 | D13: =D12-L13 -> 403.25 | E13: =E12-M13 -> 0 | F13: =F12-N13 -> 36 | G13: =G12-O13 -> 21.75 | H13: =H12-P13 -> 24 | I13: =I12-Q13 -> 0 | J13: =J12-R13 -> 15 | K13: =K12-S13 -> 0 | L13: 0 | M13: 0 | N13: 57 | O13: 0 | P13: 38 | Q13: 0 | R13: 0 | S13: 0 | T13: A | U13: Base | V13: 20.4 | W13: 55.155556 | X13: =SUM(L13:S13) -> 95 | Y13: =Summary!$C$20*M13+Summary!$C$21*N13+Summary!$C$22*O13+Summary!$C$23*P13+Summary!$C$24*Q13+Summary!$C$25*R13+Summary!$C$26*S13 -> 1783.91 | Z13: 0.27:0.73 | AA13: 75.555556 | AB13: 96 | AH13: Base: 400 | AI13: Sail | AJ13: Load B (8-10)
A14: 11 | B14: =1180-C14 -> 775 | C14: =SUM(D14:K14) -> 405 | D14: =D13-L14 -> 368.25 | E14: =E13-M14 -> 0 | F14: =F13-N14 -> 0 | G14: =G13-O14 -> 21.75 | H14: =H13-P14 -> 0 | I14: =I13-Q14 -> 0 | J14: =J13-R14 -> 15 | K14: =K13-S14 -> 0 | L14: =95-60 -> 35 | M14: 0 | N14: 36 | O14: 0 | P14: =N14/60*40 -> 24 | Q14: 0 | R14: 0 | S14: 0 | T14: B | U14: Base | V14: 25.65 | W14: 69.35 | X14: =SUM(L14:S14) -> 95 | Y14: =Summary!$C$20*M14+Summary!$C$21*N14+Summary!$C$22*O14+Summary!$C$23*P14+Summary!$C$24*Q14+Summary!$C$25*R14+Summary!$C$26*S14 -> 1126.68 | Z14: 0.27:0.73 | AA14: 95 | AB14: 95 | AI14: Discharge | AJ14: Sail | AK14: Load E (10-11)
A15: 12 | B15: =1180-C15 -> 292 | C15: =SUM(D15:K15) -> 888 | D15: =D14-L15 -> 281.25 | E15: =E14-M15 -> 0 | F15: =F14-N15 -> 0 | G15: =G14-O15 -> 21.75 | H15: =H14-P15 -> 0 | I15: =I14-Q15 + 250 -> 250 | J15: =J14-R15 + 320 -> 335 | K15: =K14-S15 -> 0 | L15: 87 | M15: 0 | N15: 0 | P15: 0 | Q15: 0 | R15: 0 | S15: 0 | T15: B | U15: Base | V15: 25.65 | W15: 69.35 | X15: =SUM(L15:S15) -> 87 | Y15: =Summary!$C$20*M15+Summary!$C$21*N15+Summary!$C$22*O15+Summary!$C$23*P15+Summary!$C$24*Q15+Summary!$C$25*R15+Summary!$C$26*S15 -> 0 | Z15: 0.27:0.73 | AA15: 95 | AB15: 95 | AI15: Discharge | AJ15: Sail | AK15: Sail
A16: 13 | B16: =1180-C16 -> 379 | C16: =SUM(D16:K16) -> 801 | D16: =D15-L16 -> 194.25 | E16: =E15-M16 -> 0 | F16: =F15-N16 -> 0 | G16: =G15-O16 -> 21.75 | H16: =H15-P16 -> 0 | I16: =I15-Q16 -> 250 | J16: =J15-R16 -> 335 | K16: =K15-S16 -> 0 | L16: 87 | M16: 0 | N16: 0 | O16: 0 | P16: 0 | Q16: 0 | R16: 0 | S16: 0 | T16: B | U16: Base | V16: 25.65 | W16: 69.35 | X16: =SUM(L16:S16) -> 87 | Y16: =Summary!$C$20*M16+Summary!$C$21*N16+Summary!$C$22*O16+Summary!$C$23*P16+Summary!$C$24*Q16+Summary!$C$25*R16+Summary!$C$26*S16 -> 0 | Z16: 0.27:0.73 | AA16: 95 | AB16: 95 | AI16: Tank Prep | AJ16: Discharge | AK16: Sail
A17: 14 | B17: =1180-C17 -> 66 | C17: =SUM(D17:K17) -> 1114 | D17: =D16-L17 -> 107.25 | E17: =E16-M17 -> 0 | F17: =F16-N17 + 150 -> 150 | G17: =G16-O17 -> 21.75 | H17: =H16-P17 -> 0 | I17: =I16-Q17 -> 250 | J17: =J16-R17 -> 335 | K17: =K16-S17 + 250 -> 250 | L17: 87 | M17: 0 | N17: 0 | O17: 0 | P17: 0 | Q17: 0 | R17: 0 | S17: 0 | T17: B | U17: Base | V17: 24.79726 | W17: 67.044444 | X17: =SUM(L17:S17) -> 87 | Y17: =Summary!$C$20*M17+Summary!$C$21*N17+Summary!$C$22*O17+Summary!$C$23*P17+Summary!$C$24*Q17+Summary!$C$25*R17+Summary!$C$26*S17 -> 0 | Z17: 0.27:0.73 | AA17: 91.841705 | AB17: 95 | AI17: Tank Prep | AJ17: Discharge | AK17: Sail
A18: 15 | B18: =1180-C18 -> 161.82192 | C18: =SUM(D18:K18) -> 1018.1781 | D18: =D17-L18 -> 48.25 | E18: =E17-M18 -> 0 | F18: =F17-N18 -> 150 | G18: =G17-O18 -> -0.071917808 | H18: =H17-P18 -> 0 | I18: =I17-Q18 -> 250 | J18: =J17-R18 -> 320 | K18: =K17-S18 -> 250 | L18: 59 | M18: 0 | N18: 0 | O18: =59/73*27 -> 21.821918 | P18: 0 | Q18: 0 | R18: 15 | S18: 0 | T18: C | V18: 7.1054274e-15 | W18: 0 | X18: =SUM(L18:S18) -> 95.821918 | Y18: =Summary!$C$20*M18+Summary!$C$21*N18+Summary!$C$22*O18+Summary!$C$23*P18+Summary!$C$24*Q18+Summary!$C$25*R18+Summary!$C$26*S18 -> 492.52233 | Z18: 1.00:0.00 | AA18: 7.1054274e-15 | AB18: 96 | AI18: Tank Prep | AJ18: Tank Prep | AK18: Demurrage
A19: 16 | B19: =1180-C19 -> 256.82192 | C19: =SUM(D19:K19) -> 923.17808 | D19: =D18-L19 -> 48.25 | E19: =E18-M19 -> 0 | F19: =F18-N19 -> 150 | G19: =G18-O19 -> -0.071917808 | H19: =H18-P19 -> 0 | I19: =I18-Q19 -> 250 | J19: =J18-R19 -> 225 | K19: =K18-S19 -> 250 | L19: 0 | M19: 0 | N19: 0 | O19: 0 | P19: 0 | Q19: 0 | R19: 95 | S19: 0 | T19: B | V19: 95 | W19: 0 | X19: =SUM(L19:S19) -> 95 | Y19: =Summary!$C$20*M19+Summary!$C$21*N19+Summary!$C$22*O19+Summary!$C$23*P19+Summary!$C$24*Q19+Summary!$C$25*R19+Summary!$C$26*S19 -> 948.1 | Z19: 1.00:0.00 | AA19: 95 | AB19: 95 | AI19: E: 250, F: 320 | AJ19: Tank Prep | AK19: Demurrage
A20: 17 | B20: =1180-C20 -> 351.82192 | C20: =SUM(D20:K20) -> 828.17808 | D20: =D19-L20 -> 48.25 | E20: =E19-M20 -> 0 | F20: =F19-N20 -> 150 | G20: =G19-O20 -> -0.071917808 | H20: =H19-P20 -> 0 | I20: =I19-Q20 -> 250 | J20: =J19-R20 -> 130 | K20: =K19-S20 -> 250 | L20: 0 | M20: 0 | N20: 0 | O20: 0 | P20: 0 | Q20: 0 | R20: 95 | S20: 0 | T20: B | V20: 77.60274 | W20: 0 | X20: =SUM(L20:S20) -> 95 | Y20: =Summary!$C$20*M20+Summary!$C$21*N20+Summary!$C$22*O20+Summary!$C$23*P20+Summary!$C$24*Q20+Summary!$C$25*R20+Summary!$C$26*S20 -> 948.1 | Z20: 1.00:0.00 | AA20: 77.60274 | AB20: 95 | AJ20: Tank Prep | AK20: Demurrage
A21: 18 | B21: =1180-C21 -> 446.82192 | C21: =SUM(D21:K21) -> 733.17808 | D21: =D20-L21 -> 48.25 | E21: =E20-M21 -> 0 | F21: =F20-N21 -> 150 | G21: =G20-O21 -> -0.071917808 | H21: =H20-P21 -> 0 | I21: =I20-Q21 -> 250 | J21: =J20-R21 -> 35 | K21: =K20-S21 -> 250 | L21: 0 | M21: 0 | N21: 0 | O21: 0 | P21: 0 | R21: 95 | T21: E | V21: 95 | W21: 0 | X21: =SUM(L21:S21) -> 95 | Y21: =Summary!$C$20*M21+Summary!$C$21*N21+Summary!$C$22*O21+Summary!$C$23*P21+Summary!$C$24*Q21+Summary!$C$25*R21+Summary!$C$26*S21 -> 948.1 | Z21: 1.00:0.00 | AA21: 95 | AB21: 95 | AJ21: B: 150,G: 250 | AK21: Demurrage | AL21: Load Base (17-19)
A22: 19 | B22: =1180-C22 -> 541.82192 | C22: =SUM(D22:K22) -> 638.17808 | D22: =D21-L22 -> 48.25 | E22: =E21-M22 -> 0 | F22: =F21-N22 -> 150 | G22: =G21-O22 -> -0.071917808 | H22: =H21-P22 -> 0 | I22: =I21-Q22 -> 211 | J22: =J21-R22 -> 0 | K22: =K21-S22 -> 229 | L22: 0 | M22: 0 | N22: 0 | O22: 0 | P22: 0 | Q22: =(95-R22)*0.65 -> 39 | R22: 35 | S22: =(95-R22)*0.35 -> 21 | T22: C | V22: 96 | W22: 0 | X22: =SUM(L22:S22) -> 95 | Y22: =Summary!$C$20*M22+Summary!$C$21*N22+Summary!$C$22*O22+Summary!$C$23*P22+Summary!$C$24*Q22+Summary!$C$25*R22+Summary!$C$26*S22 -> 995.08 | Z22: 1.00:0.00 | AA22: 96 | AB22: 96 | AK22: Discharge | AL22: Load C (17-19)
A23: 20 | B23: =1180-C23 -> 86.821918 | C23: =SUM(D23:K23) -> 1093.1781 | D23: =D22-L23 -> 48.25 | E23: =E22-M23 -> 0 | F23: =F22-N23 -> 150 | G23: =G22-O23 -> -0.071917808 | H23: =H22-P23 -> 0 | I23: =I22-Q23 -> 149.25 | J23: =J22-R23 + 550 -> 550 | K23: =K22-S23 -> 195.75 | L23: 0 | M23: 0 | N23: 0 | O23: 0 | P23: 0 | Q23: =95*0.65 -> 61.75 | R23: 0 | S23: =95*0.35 -> 33.25 | T23: C | V23: 96 | W23: 0 | X23: =SUM(L23:S23) -> 95 | Y23: =Summary!$C$20*M23+Summary!$C$21*N23+Summary!$C$22*O23+Summary!$C$23*P23+Summary!$C$24*Q23+Summary!$C$25*R23+Summary!$C$26*S23 -> 1022.485 | Z23: 1.00:0.00 | AA23: 96 | AB23: 96 | AK23: Discharge | AL23: Sail
A24: 21 | B24: =1180-C24 -> 181.82192 | C24: =SUM(D24:K24) -> 998.17808 | D24: =D23-L24 -> 48.25 | E24: =E23-M24 -> 0 | F24: =F23-N24 -> 150 | G24: =G23-O24 -> -0.071917808 | H24: =H23-P24 -> 0 | I24: =I23-Q24 -> 87.5 | J24: =J23-R24 -> 550 | K24: =K23-S24 -> 162.5 | L24: 0 | M24: 0 | N24: 0 | O24: 0 | P24: 0 | Q24: =95*0.65 -> 61.75 | R24: 0 | S24: =95*0.35 -> 33.25 | T24: C | V24: 8 | W24: 0 | X24: =SUM(L24:S24) -> 95 | Y24: =Summary!$C$20*M24+Summary!$C$21*N24+Summary!$C$22*O24+Summary!$C$23*P24+Summary!$C$24*Q24+Summary!$C$25*R24+Summary!$C$26*S24 -> 1022.485 | Z24: 1.00:0.00 | AA24: 8 | AB24: 96 | AK24: Tank Prep | AL24: Sail | AM24: Load F (19-22)
A25: 22 | B25: =1180-C25 -> 276.82192 | C25: =SUM(D25:K25) -> 903.17808 | D25: =D24-L25 -> 48.25 | E25: =E24-M25 -> 0 | F25: =F24-N25 -> 150 | G25: =G24-O25 -> -0.071917808 | H25: =H24-P25 -> 0 | I25: =I24-Q25 -> 25.5 | J25: =J24-R25 -> 550 | K25: =K24-S25 -> 129.5 | L25: 0 | M25: 0 | N25: 0 | O25: 0 | P25: 0 | Q25: 62 | R25: 0 | S25: 33 | T25: Base | V25: 87 | W25: 0 | X25: =SUM(L25:S25) -> 95 | Y25: =Summary!$C$20*M25+Summary!$C$21*N25+Summary!$C$22*O25+Summary!$C$23*P25+Summary!$C$24*Q25+Summary!$C$25*R25+Summary!$C$26*S25 -> 1022.79 | Z25: 1.00:0.00 | AA25: 87 | AB25: 87 | AK25: Tank Prep | AL25: Demurrage | AM25: Sail to Sabah
A26: 23 | B26: =1180-C26 -> 364.32192 | C26: =SUM(D26:K26) -> 815.67808 | D26: =D25-L26 -> 0.25 | E26: =E25-M26 -> 0 | F26: =F25-N26 -> 150 | G26: =G25-O26 -> -0.071917808 | H26: =H25-P26 -> 0 | I26: =I25-Q26 -> 0 | J26: =J25-R26 -> 550 | K26: =K25-S26 -> 115.5 | L26: 48 | M26: 0 | N26: 0 | O26: 0 | P26: 0 | Q26: 25.5 | R26: 0 | S26: =26/65*35 -> 14 | T26: Base | V26: 87 | W26: 0 | X26: =SUM(L26:S26) -> 87.5 | Y26: =Summary!$C$20*M26+Summary!$C$21*N26+Summary!$C$22*O26+Summary!$C$23*P26+Summary!$C$24*Q26+Summary!$C$25*R26+Summary!$C$26*S26 -> 424.925 | Z26: 1.00:0.00 | AA26: 87 | AB26: 87 | AK26: Tank Prep | AL26: Demurrage | AM26: Load E (23-24)
A27: 24 | B27: =1180-C27 -> 454.32192 | C27: =SUM(D27:K27) -> 725.67808 | D27: =D26-L27 -> 0.25 | E27: =E26-M27 -> 0 | F27: =F26-N27 -> 150 | G27: =G26-O27 -> -0.071917808 | H27: =H26-P27 -> 0 | I27: =I26-Q27 -> 0 | J27: =J26-R27 -> 460 | K27: =K26-S27 -> 115.5 | L27: 0 | M27: 0 | N27: 0 | O27: 0 | P27: 0 | R27: 90 | S27: 0 | T27: Base | V27: 87 | W27: 0 | X27: =SUM(L27:S27) -> 90 | Y27: =Summary!$C$20*M27+Summary!$C$21*N27+Summary!$C$22*O27+Summary!$C$23*P27+Summary!$C$24*Q27+Summary!$C$25*R27+Summary!$C$26*S27 -> 898.2 | Z27: 1.00:0.00 | AA27: 87 | AB27: 87 | AK27: E: 550 | AL27: Demurrage | AM27: Load D (23-24)
A28: 25 | B28: =1180-C28 -> 544.32192 | C28: =SUM(D28:K28) -> 635.67808 | D28: =D27-L28 -> 0.25 | E28: =E27-M28 -> 0 | F28: =F27-N28 -> 150 | G28: =G27-O28 -> -0.071917808 | H28: =H27-P28 -> 0 | I28: =I27-Q28 -> 0 | J28: =J27-R28 -> 370 | K28: =K27-S28 -> 115.5 | L28: 0 | M28: 0 | N28: 0 | O28: 0 | P28: 0 | R28: 90 | S28: 0 | T28: Base | V28: 87 | W28: 0 | X28: =SUM(L28:S28) -> 90 | Y28: =Summary!$C$20*M28+Summary!$C$21*N28+Summary!$C$22*O28+Summary!$C$23*P28+Summary!$C$24*Q28+Summary!$C$25*R28+Summary!$C$26*S28 -> 898.2 | Z28: 1.00:0.00 | AA28: 87 | AB28: 87 | AL28: Discharge | AM28: Sail
A29: 26 | B29: =1180-C29 -> 74.321918 | C29: =SUM(D29:K29) -> 1105.6781 | D29: =D28-L29 +360 -> 360.25 | E29: =E28-M29 -> 0 | F29: =F28-N29 -> 150 | G29: =G28-O29 + 200 -> 199.92808 | H29: =H28-P29 -> 0 | I29: =I28-Q29 -> 0 | J29: =J28-R29 -> 280 | K29: =K28-S29 -> 115.5 | L29: 0 | M29: 0 | N29: 0 | O29: 0 | P29: 0 | R29: 90 | T29: Base | V29: 12 | W29: 0 | X29: =SUM(L29:S29) -> 90 | Y29: =Summary!$C$20*M29+Summary!$C$21*N29+Summary!$C$22*O29+Summary!$C$23*P29+Summary!$C$24*Q29+Summary!$C$25*R29+Summary!$C$26*S29 -> 898.2 | Z29: 1.00:0.00 | AA29: 12 | AB29: 87 | AL29: Discharge | AM29: Sail
A30: 27 | B30: =1180-C30 -> 164.32192 | C30: =SUM(D30:K30) -> 1015.6781 | D30: =D29-L30 -> 360.25 | E30: =E29-M30 -> 0 | F30: =F29-N30 -> 150 | G30: =G29-O30 -> 199.92808 | H30: =H29-P30 -> 0 | I30: =I29-Q30 -> 0 | J30: =J29-R30 -> 190 | K30: =K29-S30 -> 115.5 | L30: 0 | M30: 0 | N30: 0 | O30: 0 | P30: 0 | R30: 90 | S30: 0 | T30: D | V30: 95 | W30: 0 | X30: =SUM(L30:S30) -> 90 | Y30: =Summary!$C$20*M30+Summary!$C$21*N30+Summary!$C$22*O30+Summary!$C$23*P30+Summary!$C$24*Q30+Summary!$C$25*R30+Summary!$C$26*S30 -> 898.2 | Z30: 1.00:0.00 | AA30: 95 | AB30: 95 | AL30: Tank Prep | AM30: Sail
A31: 28 | B31: =1180-C31 -> 259.32192 | C31: =SUM(D31:K31) -> 920.67808 | D31: =D30-L31 -> 360.25 | E31: =E30-M31 -> 0 | F31: =F30-N31 -> 150 | G31: =G30-O31 -> 199.92808 | H31: =H30-P31 -> 0 | I31: =I30-Q31 -> 0 | J31: =J30-R31 -> 95 | K31: =K30-S31 -> 115.5 | L31: 0 | M31: 0 | N31: 0 | O31: 0 | P31: 0 | R31: 95 | S31: 0 | T31: D | V31: 55 | W31: 0 | X31: =SUM(L31:S31) -> 95 | Y31: =Summary!$C$20*M31+Summary!$C$21*N31+Summary!$C$22*O31+Summary!$C$23*P31+Summary!$C$24*Q31+Summary!$C$25*R31+Summary!$C$26*S31 -> 948.1 | Z31: 1.00:0.00 | AA31: 55 | AB31: 95 | AL31: Tank Prep | AM31: Demurrage
A32: 29 | B32: =1180-C32 -> 354.32192 | C32: =SUM(D32:K32) -> 825.67808 | D32: =D31-L32 -> 360.25 | E32: =E31-M32 -> 0 | F32: =F31-N32 -> 150 | G32: =G31-O32 -> 199.92808 | H32: =H31-P32 -> 0 | I32: =I31-Q32 -> 0 | J32: =J31-R32 -> 0 | K32: =K31-S32 -> 115.5 | L32: 0 | M32: 0 | N32: 0 | O32: 0 | P32: 0 | R32: 95 | S32: 0 | T32: E | V32: 95 | W32: 0 | X32: =SUM(L32:S32) -> 95 | Y32: =Summary!$C$20*M32+Summary!$C$21*N32+Summary!$C$22*O32+Summary!$C$23*P32+Summary!$C$24*Q32+Summary!$C$25*R32+Summary!$C$26*S32 -> 948.1 | Z32: 1.00:0.00 | AA32: 95 | AB32: 95 | AL32: Tank Prep | AM32: Demurrage
A33: 30 | B33: =1180-C33 -> 449.32192 | C33: =SUM(D33:K33) -> 730.67808 | D33: =D32-L33 -> 290.9 | E33: =E32-M33 -> 0 | F33: =F32-N33 -> 150 | G33: =G32-O33 -> 174.27808 | H33: =H32-P33 -> 0 | I33: =I32-Q33 -> 0 | J33: =J32-R33 -> 0 | K33: =K32-S33 -> 115.5 | L33: =(95-Q33)*0.73 -> 69.35 | M33: 0 | N33: 0 | O33: =(95-Q33)*0.27 -> 25.65 | P33: 0 | R33: 0 | S33: 0 | T33: E | V33: 95 | W33: 0 | X33: =SUM(L33:S33) -> 95 | Y33: =Summary!$C$20*M33+Summary!$C$21*N33+Summary!$C$22*O33+Summary!$C$23*P33+Summary!$C$24*Q33+Summary!$C$25*R33+Summary!$C$26*S33 -> 402.9615 | Z33: 1.00:0.00 | AA33: 95 | AB33: 95 | AL33: Base: 360, C: 200 | AM33: Demurrage
A34: 31 | B34: =1180-C34 -> 544.32192 | C34: =SUM(D34:K34) -> 635.67808 | D34: =D33-L34 -> 221.55 | E34: =E33-M34 -> 0 | F34: =F33-N34 -> 150 | G34: =G33-O34 -> 148.62808 | H34: =H33-P34 -> 0 | I34: =I33-Q34 -> 0 | J34: =J33-R34 -> 0 | K34: =K33-S34 -> 115.5 | L34: =95*0.73 -> 69.35 | M34: 0 | N34: 0 | O34: =95*0.27 -> 25.65 | P34: 0 | Q34: 0 | R34: 0 | S34: 0 | X34: =SUM(L34:S34) -> 95 | Y34: =Summary!$C$20*M34+Summary!$C$21*N34+Summary!$C$22*O34+Summary!$C$23*P34+Summary!$C$24*Q34+Summary!$C$25*R34+Summary!$C$26*S34 -> 402.9615 | AM34: Discharge
A35: 32 | B35: =1180-C35 -> 109.32192 | C35: =SUM(D35:K35) -> 1070.6781 | D35: =D34-L35 -> 152.2 | E35: =E34-M35 -> 0 | F35: =F34-N35 -> 150 | G35: =G34-O35 -> 122.97808 | H35: =H34-P35 + 150 -> 150 | I35: =I34-Q35 + 100 -> 100 | J35: =J34-R35 + 280 -> 280 | K35: =K34-S35 -> 115.5 | L35: =95*0.73 -> 69.35 | M35: 0 | N35: 0 | O35: =95*0.27 -> 25.65 | P35: 0 | Q35: 0 | R35: 0 | S35: 0 | X35: =SUM(L35:S35) -> 95 | Y35: =Summary!$C$20*M35+Summary!$C$21*N35+Summary!$C$22*O35+Summary!$C$23*P35+Summary!$C$24*Q35+Summary!$C$25*R35+Summary!$C$26*S35 -> 402.9615 | AM35: Discharge
A36: 33 | B36: =1180-C36 -> 204.32192 | C36: =SUM(D36:K36) -> 975.67808 | D36: =D35-L36 -> 82.85 | E36: =E35-M36 -> 0 | F36: =F35-N36 -> 150 | G36: =G35-O36 -> 97.328082 | H36: =H35-P36 -> 150 | I36: =I35-Q36 -> 100 | J36: =J35-R36 -> 280 | K36: =K35-S36 -> 115.5 | L36: =95*0.73 -> 69.35 | M36: 0 | N36: 0 | O36: =95*0.27 -> 25.65 | P36: 0 | Q36: 0 | R36: 0 | S36: 0 | X36: =SUM(L36:S36) -> 95 | Y36: =Summary!$C$20*M36+Summary!$C$21*N36+Summary!$C$22*O36+Summary!$C$23*P36+Summary!$C$24*Q36+Summary!$C$25*R36+Summary!$C$26*S36 -> 402.9615 | AM36: Tank Prep
A37: 34 | B37: =1180-C37 -> 299.32192 | C37: =SUM(D37:K37) -> 880.67808 | D37: =D36-L37 -> 13.5 | E37: =E36-M37 -> 0 | F37: =F36-N37 -> 150 | G37: =G36-O37 -> 71.678082 | H37: =H36-P37 -> 150 | I37: =I36-Q37 -> 100 | J37: =J36-R37 -> 280 | K37: =K36-S37 -> 115.5 | L37: =95*0.73 -> 69.35 | M37: 0 | N37: 0 | O37: =95*0.27 -> 25.65 | P37: 0 | Q37: 0 | R37: 0 | S37: 0 | X37: =SUM(L37:S37) -> 95 | Y37: =Summary!$C$20*M37+Summary!$C$21*N37+Summary!$C$22*O37+Summary!$C$23*P37+Summary!$C$24*Q37+Summary!$C$25*R37+Summary!$C$26*S37 -> 402.9615 | AM37: Tank Prep
A38: 35 | B38: =1180-C38 -> 318 | C38: =SUM(D38:K38) -> 862 | D38: =D37-L38 -> 0 | E38: =E37-M38 -> 0 | F38: =F37-N38 -> 150 | G38: =G37-O38 -> 66.5 | H38: =H37-P38 -> 150 | I38: =I37-Q38 -> 100 | J38: =J37-R38 -> 280 | K38: =K37-S38 -> 115.5 | L38: 13.5 | M38: 0 | N38: 0 | O38: =14/73*27 -> 5.1780822 | P38: 0 | R38: 0 | S38: 0 | X38: =SUM(L38:S38) -> 18.678082 | Y38: =Summary!$C$20*M38+Summary!$C$21*N38+Summary!$C$22*O38+Summary!$C$23*P38+Summary!$C$24*Q38+Summary!$C$25*R38+Summary!$C$26*S38 -> 81.347671 | AM38: Tank Prep
A39: 36 | B39: =1180-C39 -> 318 | C39: =SUM(D39:K39) -> 862 | D39: =D38-L39 -> 0 | E39: =E38-M39 -> 0 | F39: =F38-N39 -> 150 | G39: =G38-O39 -> 66.5 | H39: =H38-P39 -> 150 | I39: =I38-Q39 -> 100 | J39: =J38-R39 -> 280 | K39: =K38-S39 -> 115.5 | M39: 0 | N39: 0 | O39: =L39/73*27 -> 0 | P39: 0 | R39: 0 | S39: 0 | X39: =SUM(L39:S39) -> 0 | Y39: =Summary!$C$20*M39+Summary!$C$21*N39+Summary!$C$22*O39+Summary!$C$23*P39+Summary!$C$24*Q39+Summary!$C$25*R39+Summary!$C$26*S39 -> 0 | AM39: Tank Prep, F: 280, E: 100, D: 150
A40: 37 | B40: =1180-C40 -> 413 | C40: =SUM(D40:K40) -> 767 | D40: =D39-L40 -> 0 | E40: =E39-M40 -> 0 | F40: =F39-N40 -> 93 | G40: =G39-O40 -> 66.5 | H40: =H39-P40 -> 112 | I40: =I39-Q40 -> 100 | J40: =J39-R40 -> 280 | K40: =K39-S40 -> 115.5 | L40: 0 | M40: 0 | N40: =(95-Q40)*0.6 -> 57 | O40: 0 | P40: =(95-Q40)*0.4 -> 38 | R40: 0 | S40: 0 | X40: =SUM(L40:S40) -> 95 | Y40: =Summary!$C$20*M40+Summary!$C$21*N40+Summary!$C$22*O40+Summary!$C$23*P40+Summary!$C$24*Q40+Summary!$C$25*R40+Summary!$C$26*S40 -> 1783.91
A41: 38 | B41: =1180-C41 -> 508.4 | C41: =SUM(D41:K41) -> 671.6 | D41: =D40-L41 -> 0 | E41: =E40-M41 -> 0 | F41: =F40-N41 -> 36 | G41: =G40-O41 -> 66.5 | H41: =H40-P41 -> 73.6 | I41: =I40-Q41 -> 100 | J41: =J40-R41 -> 280 | K41: =K40-S41 -> 115.5 | L41: 0 | M41: 0 | N41: 57 | O41: 0 | P41: =96*0.4 -> 38.4 | Q41: 0 | R41: 0 | S41: 0 | X41: =SUM(L41:S41) -> 95.4 | Y41: =Summary!$C$20*M41+Summary!$C$21*N41+Summary!$C$22*O41+Summary!$C$23*P41+Summary!$C$24*Q41+Summary!$C$25*R41+Summary!$C$26*S41 -> 1791.606
A42: 39 | B42: =1180-C42 -> 603.4 | C42: =SUM(D42:K42) -> 576.6 | D42: =D41-L42 -> 0 | E42: =E41-M42 -> 0 | F42: =F41-N42 -> -12 | G42: =G41-O42 -> 66.5 | H42: =H41-P42 -> 41.6 | I42: =I41-Q42 -> 100 | J42: =J41-R42 -> 265 | K42: =K41-S42 -> 115.5 | L42: 0 | M42: 0 | N42: 48 | O42: 0 | P42: =N42/60*40 -> 32 | Q42: 0 | R42: 15 | S42: 0 | X42: =SUM(L42:S42) -> 95 | Y42: =Summary!$C$20*M42+Summary!$C$21*N42+Summary!$C$22*O42+Summary!$C$23*P42+Summary!$C$24*Q42+Summary!$C$25*R42+Summary!$C$26*S42 -> 1651.94
A43: 40 | B43: =1180-C43 -> 698.4 | C43: =SUM(D43:K43) -> 481.6 | D43: =D42-L43 -> 0 | E43: =E42-M43 -> 0 | F43: =F42-N43 -> -12 | G43: =G42-O43 -> 66.5 | H43: =H42-P43 -> 41.6 | I43: =I42-Q43 -> 100 | J43: =J42-R43 -> 170 | K43: =K42-S43 -> 115.5 | L43: 0 | M43: 0 | N43: 0 | O43: 0 | P43: =N43/73*27 -> 0 | Q43: 0 | R43: =95-P43-N43 -> 95 | S43: 0 | X43: =SUM(L43:S43) -> 95 | Y43: =Summary!$C$20*M43+Summary!$C$21*N43+Summary!$C$22*O43+Summary!$C$23*P43+Summary!$C$24*Q43+Summary!$C$25*R43+Summary!$C$26*S43 -> 948.1
Y44: =SUM(Y4:Y43) -> 31138.906 | AI44: Delta from Scenario 2
S45: Overall 30 days average | X45: =AVERAGE(X4:X33) -> 93.310731 | Y45: KBD | AI45: =X45-'Scenario 2'!V45 -> -0.91865212 | AJ45: KBD
S46: Overall 40 days average | X46: =AVERAGE(X4:X43) -> 89.46 | Y46: KBD | AI46: =X46-'Scenario 2'!V46 -> -4.946234 | AJ46: KBD
AI47: Check
S48: Total processing | X48: =SUM(X4:X43) -> 3578.4 | Y48: KB
S49: Opening | X49: =C3 -> 1050 | Y49: KB
S50: Delivery | X50: =(2910-150)+250 -> 3010 | Y50: KB
S51: Closing | X51: =C44 -> 0 | Y51: KB | AI51: =X49+X50-X46*40 -> 481.6 | AJ51: =X49+X50 -> 4060
AJ52: =AJ51-X48 -> 481.6
S53: Demurrage | X53: 10 | Y53: Days
S55: Remarks | X55: Compared to Scenario 2:
X56: No significant rate improvement
X57: Able to sustain beyond 39 days
X58: Demurrage increase from 3 to 13 days

Sheet Scenario 4
B1: All in KB | D1: Tapis | E1: Dulang | F1: Jitang | G1: Sepat | H1: KIMC | I1: Kimanis | J1: Bintulu
A2: Day | B2: Ullage | C2: Opening Inventory | D2: Inventory_Base | E2: Inventory_A | F2: Inventory_B | G2: Inventory_C | H2: Inventory_D | I2: Inventory_E | J2: Inventory_F | K2: Rate_Base | L2: Rate_A | M2: Rate_B | N2: Rate_C | O2: Rate_D | P2: Rate_E | Q2: Rate_F | R2: primary_grade | S2: secondary_grade | T2: primary_rate | U2: secondary_rate | V2: total_rate | W2: Crude Margin (USD k) | X2: ratio | Y2: capacity_used | Z2: capacity_limit | AA2: Tank 1 | AB2: Tank 2 | AC2: Tank 3 | AD2: Tank 4 | AE2: Tank 5 | AF2: Delivery 1 | AG2: Delivery 2 | AH2: Delivery 3 | AI2: Delivery 4 | AJ2: Delivery 5 | AK2: Delivery 6 | AL2: Comment
A3: 0 | B3: =1180-C3 -> 130 | C3: =SUM(D3:J3) -> 1050 | D3: 350 | E3: 0 | F3: 150 | G3: 150 | H3: 100 | I3: 0 | J3: 300 | K3: 0 | L3: 0 | M3: 0 | N3: 0 | O3: 0 | P3: 0 | Q3: 0 | V3: 0
A4: 1 | B4: =1180-C4 -> 225 | C4: =SUM(D4:J4) -> 955 | D4: =D3-K4 -> 280.7 | E4: =E3-L4 -> 0 | F4: =F3-M4 -> 150 | G4: =G3-N4 -> 124.3 | H4: =H3-O4 -> 100 | I4: =I3-P4 -> 0 | J4: =J3-Q4 -> 300 | K4: 69.3 | L4: 0 | M4: 0 | N4: 25.7 | O4: 0 | P4: 0 | Q4: 0 | R4: C | S4: D | T4: 57.6 | U4: 38.4 | V4: =SUM(K4:Q4) -> 95 | W4: =Summary!$C$20*K4+Summary!$C$21*L4+Summary!$C$22*M4+Summary!$C$23*N4+Summary!$C$24*O4+Summary!$C$25*P4+Summary!$C$26*Q4 -> 1592.873 | X4: 0.60:0.40 | Y4: 96 | Z4: 96 | AF4: Load Base
A5: 2 | B5: =1180-C5 -> 320 | C5: =SUM(D5:J5) -> 860 | D5: =D4-K5 -> 211.4 | E5: =E4-L5 -> 0 | F5: =F4-M5 -> 150 | G5: =G4-N5 -> 98.6 | H5: =H4-O5 -> 100 | I5: =I4-P5 -> 0 | J5: =J4-Q5 -> 300 | K5: 69.3 | L5: 0 | M5: 0 | N5: 25.7 | O5: 0 | P5: 0 | Q5: 0 | R5: C | S5: D | T5: 57.6 | U5: 38.4 | V5: =SUM(K5:Q5) -> 95 | W5: =Summary!$C$20*K5+Summary!$C$21*L5+Summary!$C$22*M5+Summary!$C$23*N5+Summary!$C$24*O5+Summary!$C$25*P5+Summary!$C$26*Q5 -> 1592.873 | X5: 0.60:0.40 | Y5: 96 | Z5: 96 | AF5: Load A
A6: 3 | B6: =1180-C6 -> 415 | C6: =SUM(D6:J6) -> 765 | D6: =D5-K6 -> 142.1 | E6: =E5-L6 -> 0 | F6: =F5-M6 -> 150 | G6: =G5-N6 -> 72.9 | H6: =H5-O6 -> 100 | I6: =I5-P6 -> 0 | J6: =J5-Q6 -> 300 | K6: 69.3 | L6: 0 | M6: 0 | N6: 25.7 | O6: 0 | P6: 0 | Q6: 0 | R6: C | S6: D | T6: 34.8 | U6: 23.2 | V6: =SUM(K6:Q6) -> 95 | W6: =Summary!$C$20*K6+Summary!$C$21*L6+Summary!$C$22*M6+Summary!$C$23*N6+Summary!$C$24*O6+Summary!$C$25*P6+Summary!$C$26*Q6 -> 1592.873 | X6: 0.60:0.40 | Y6: 58 | Z6: 96 | AF6: Sail
A7: 4 | B7: =1180-C7 -> 510 | C7: =SUM(D7:J7) -> 670 | D7: =D6-K7 -> 72.8 | E7: =E6-L7 -> 0 | F7: =F6-M7 -> 150 | G7: =G6-N7 -> 47.2 | H7: =H6-O7 -> 100 | I7: =I6-P7 -> 0 | J7: =J6-Q7 -> 300 | K7: 69.3 | L7: 0 | M7: 0 | N7: 25.7 | O7: 0 | P7: 0 | Q7: 0 | R7: B | S7: Base | T7: 25.65 | U7: 69.35 | V7: =SUM(K7:Q7) -> 95 | W7: =Summary!$C$20*K7+Summary!$C$21*L7+Summary!$C$22*M7+Summary!$C$23*N7+Summary!$C$24*O7+Summary!$C$25*P7+Summary!$C$26*Q7 -> 1592.873 | X7: 0.27:0.73 | Y7: 95 | Z7: 95 | AF7: Sail
A8: 5 | B8: =1180-C8 -> 605 | C8: =SUM(D8:J8) -> 575 | D8: =D7-K8 -> 3.5 | E8: =E7-L8 -> 0 | F8: =F7-M8 -> 150 | G8: =G7-N8 -> 21.5 | H8: =H7-O8 -> 100 | I8: =I7-P8 -> 0 | J8: =J7-Q8 -> 300 | K8: 69.3 | L8: 0 | M8: 0 | N8: 25.7 | O8: 0 | P8: 0 | Q8: 0 | R8: A | S8: Base | T8: 25.92 | U8: 70.08 | V8: =SUM(K8:Q8) -> 95 | W8: =Summary!$C$20*K8+Summary!$C$21*L8+Summary!$C$22*M8+Summary!$C$23*N8+Summary!$C$24*O8+Summary!$C$25*P8+Summary!$C$26*Q8 -> 1592.873 | X8: 0.27:0.73 | Y8: 96 | Z8: 96 | AF8: Discharge | AG8: Load E (5-7)
A9: 6 | B9: =1180-C9 -> 150 | C9: =SUM(D9:J9) -> 1030 | D9: =D8-K9 +400 -> 403.5 | E9: =E8-L9 + 150 -> 150 | F9: =F8-M9 -> 150 | G9: =G8-N9 -> 21.5 | H9: =H8-O9 -> 100 | I9: =I8-P9 -> 0 | J9: =J8-Q9 -> 205 | K9: 0 | L9: 0 | M9: 0 | N9: 0 | O9: 0 | P9: 0 | Q9: 95 | R9: A | S9: Base | T9: 25.92 | U9: 70.08 | V9: =SUM(K9:Q9) -> 95 | W9: =Summary!$C$20*K9+Summary!$C$21*L9+Summary!$C$22*M9+Summary!$C$23*N9+Summary!$C$24*O9+Summary!$C$25*P9+Summary!$C$26*Q9 -> 947.15 | X9: 0.27:0.73 | Y9: 96 | Z9: 96 | AF9: Discharge | AG9: Sail to Sarawak
A10: 7 | B10: =1180-C10 -> 245 | C10: =SUM(D10:J10) -> 935 | D10: =D9-K10 -> 403.5 | E10: =E9-L10 -> 150 | F10: =F9-M10 -> 150 | G10: =G9-N10 -> 21.5 | H10: =H9-O10 -> 100 | I10: =I9-P10 -> 0 | J10: =J9-Q10 -> 110 | K10: 0 | L10: 0 | M10: 0 | N10: 0 | O10: 0 | P10: 0 | Q10: 95 | R10: A | S10: Base | T10: 25.92 | U10: 70.08 | V10: =SUM(K10:Q10) -> 95 | W10: =Summary!$C$20*K10+Summary!$C$21*L10+Summary!$C$22*M10+Summary!$C$23*N10+Summary!$C$24*O10+Summary!$C$25*P10+Summary!$C$26*Q10 -> 947.15 | X10: 0.27:0.73 | Y10: 96 | Z10: 96 | AF10: Tk prep | AG10: Load F (5-7)
A11: 8 | B11: =1180-C11 -> 340 | C11: =SUM(D11:J11) -> 840 | D11: =D10-K11 -> 403.5 | E11: =E10-L11 -> 150 | F11: =F10-M11 -> 150 | G11: =G10-N11 -> 21.5 | H11: =H10-O11 -> 100 | I11: =I10-P11 -> 0 | J11: =J10-Q11 -> 15 | K11: 0 | L11: 0 | M11: 0 | N11: 0 | O11: 0 | P11: 0 | Q11: 95 | R11: A | S11: Base | T11: 25.92 | U11: 70.08 | V11: =SUM(K11:Q11) -> 95 | W11: =Summary!$C$20*K11+Summary!$C$21*L11+Summary!$C$22*M11+Summary!$C$23*N11+Summary!$C$24*O11+Summary!$C$25*P11+Summary!$C$26*Q11 -> 947.15 | X11: 0.27:0.73 | Y11: 96 | Z11: 96 | AF11: Tk prep | AG11: Sail | AK11: Load B (8-10)
A12: 9 | B12: =1180-C12 -> 435 | C12: =SUM(D12:J12) -> 745 | D12: =D11-K12 -> 403.5 | E12: =E11-L12 -> 150 | F12: =F11-M12 -> 102 | G12: =G11-N12 -> 21.5 | H12: =H11-O12 -> 68 | I12: =I11-P12 -> 0 | J12: =J11-Q12 -> 0 | K12: 0 | L12: 0 | M12: =(95-15)*0.6 -> 48 | N12: 0 | O12: =(95-15)*0.4 -> 32 | P12: 0 | Q12: 15 | R12: A | S12: Base | T12: 25.92 | U12: 70.08 | V12: =SUM(K12:Q12) -> 95 | W12: =Summary!$C$20*K12+Summary!$C$21*L12+Summary!$C$22*M12+Summary!$C$23*N12+Summary!$C$24*O12+Summary!$C$25*P12+Summary!$C$26*Q12 -> 1261.71 | X12: 0.27:0.73 | Y12: 96 | Z12: 96 | AF12: Tk prep | AG12: Sail | AK12: Sail
A13: 10 | B13: =1180-C13 -> 531 | C13: =SUM(D13:J13) -> 649 | D13: =D12-K13 -> 403.5 | E13: =E12-L13 -> 150 | F13: =F12-M13 -> 44.4 | G13: =G12-N13 -> 21.5 | H13: =H12-O13 -> 29.6 | I13: =I12-P13 -> 0 | J13: =J12-Q13 -> 0 | K13: 0 | L13: 0 | M13: 57.6 | N13: 0 | O13: 38.4 | P13: 0 | Q13: 0 | R13: A | S13: Base | T13: 20.4 | U13: 55.155556 | V13: =SUM(K13:Q13) -> 96 | W13: =Summary!$C$20*K13+Summary!$C$21*L13+Summary!$C$22*M13+Summary!$C$23*N13+Summary!$C$24*O13+Summary!$C$25*P13+Summary!$C$26*Q13 -> 1334.592 | X13: 0.27:0.73 | Y13: 75.555556 | Z13: 96 | AF13: Base: 400, A :150 | AG13: Sail | AH13: Load E (10-11) | AK13: Sail
A14: 11 | B14: =1180-C14 -> 627 | C14: =SUM(D14:J14) -> 553 | D14: =D13-K14 -> 387.44 | E14: =E13-L14 -> 144.06 | F14: =F13-M14 -> 0 | G14: =G13-N14 -> 21.5 | H14: =H13-O14 -> 0 | I14: =I13-P14 -> 0 | J14: =J13-Q14 -> 0 | K14: =(96-74)*0.73 -> 16.06 | L14: =(96-74)*0.27 -> 5.94 | M14: 44.4 | N14: 0 | O14: =(M14/60)*40 -> 29.6 | P14: 0 | Q14: 0 | R14: B | S14: Base | T14: 25.65 | U14: 69.35 | V14: =SUM(K14:Q14) -> 96 | W14: =Summary!$C$20*K14+Summary!$C$21*L14+Summary!$C$22*M14+Summary!$C$23*N14+Summary!$C$24*O14+Summary!$C$25*P14+Summary!$C$26*Q14 -> 1393.0108 | X14: 0.27:0.73 | Y14: 95 | Z14: 95 | AG14: Discharge | AH14: Load E | AK14: Demurrage
A15: 12 | B15: =1180-C15 -> 153 | C15: =SUM(D15:J15) -> 1027 | D15: =D14-K15 -> 317.44 | E15: =E14-L15 -> 118.06 | F15: =F14-M15 -> 0 | G15: =G14-N15 -> 21.5 | H15: =H14-O15 -> 0 | I15: =I14-P15 + 250 -> 250 | J15: =J14-Q15 + 320 -> 320 | K15: 70 | L15: 26 | M15: 0 | N15: 0 | O15: 0 | P15: 0 | Q15: 0 | R15: B | S15: Base | T15: 25.65 | U15: 69.35 | V15: =SUM(K15:Q15) -> 96 | W15: =Summary!$C$20*K15+Summary!$C$21*L15+Summary!$C$22*M15+Summary!$C$23*N15+Summary!$C$24*O15+Summary!$C$25*P15+Summary!$C$26*Q15 -> 1589.72 | X15: 0.27:0.73 | Y15: 95 | Z15: 95 | AG15: Discharge | AH15: Sail | AK15: Discharge
A16: 13 | B16: =1180-C16 -> 99 | C16: =SUM(D16:J16) -> 1081 | D16: =D15-K16 -> 247.44 | E16: =E15-L16 -> 92.06 | F16: =F15-M16 + 150 -> 150 | G16: =G15-N16 -> 21.5 | H16: =H15-O16 -> 0 | I16: =I15-P16 -> 250 | J16: =J15-Q16 -> 320 | K16: 70 | L16: 26 | M16: 0 | N16: 0 | O16: 0 | P16: 0 | Q16: 0 | R16: B | S16: Base | T16: 25.65 | U16: 69.35 | V16: =SUM(K16:Q16) -> 96 | W16: =Summary!$C$20*K16+Summary!$C$21*L16+Summary!$C$22*M16+Summary!$C$23*N16+Summary!$C$24*O16+Summary!$C$25*P16+Summary!$C$26*Q16 -> 1589.72 | X16: 0.27:0.73 | Y16: 95 | Z16: 95 | AG16: Tank Prep | AH16: Sail | AK16: Discharge
A17: 14 | B17: =1180-C17 -> 195 | C17: =SUM(D17:J17) -> 985 | D17: =D16-K17 -> 177.44 | E17: =E16-L17 -> 66.06 | F17: =F16-M17 -> 150 | G17: =G16-N17 -> 21.5 | H17: =H16-O17 -> 0 | I17: =I16-P17 -> 250 | J17: =J16-Q17 -> 320 | K17: 70 | L17: 26 | M17: 0 | N17: 0 | O17: 0 | P17: 0 | Q17: 0 | R17: B | S17: Base | T17: 24.79726 | U17: 67.044444 | V17: =SUM(K17:Q17) -> 96 | W17: =Summary!$C$20*K17+Summary!$C$21*L17+Summary!$C$22*M17+Summary!$C$23*N17+Summary!$C$24*O17+Summary!$C$25*P17+Summary!$C$26*Q17 -> 1589.72 | X17: 0.27:0.73 | Y17: 91.841705 | Z17: 95 | AG17: Tank Prep | AH17: Sail | AK17: Tk prep
A18: 15 | B18: =1180-C18 -> 291 | C18: =SUM(D18:J18) -> 889 | D18: =D17-K18 -> 107.44 | E18: =E17-L18 -> 40.06 | F18: =F17-M18 -> 150 | G18: =G17-N18 -> 21.5 | H18: =H17-O18 -> 0 | I18: =I17-P18 -> 250 | J18: =J17-Q18 -> 320 | K18: 70 | L18: 26 | M18: 0 | N18: 0 | O18: 0 | P18: 0 | Q18: 0 | R18: C | T18: 7.1054274e-15 | U18: 0 | V18: =SUM(K18:Q18) -> 96 | W18: =Summary!$C$20*K18+Summary!$C$21*L18+Summary!$C$22*M18+Summary!$C$23*N18+Summary!$C$24*O18+Summary!$C$25*P18+Summary!$C$26*Q18 -> 1589.72 | X18: 1.00:0.00 | Y18: 7.1054274e-15 | Z18: 96 | AG18: Tank Prep | AH18: Demurrage | AK18: Tk prep
A19: 16 | B19: =1180-C19 -> 387 | C19: =SUM(D19:J19) -> 793 | D19: =D18-K19 -> 37.44 | E19: =E18-L19 -> 14.06 | F19: =F18-M19 -> 150 | G19: =G18-N19 -> 21.5 | H19: =H18-O19 -> 0 | I19: =I18-P19 -> 250 | J19: =J18-Q19 -> 320 | K19: 70 | L19: 26 | M19: 0 | N19: 0 | O19: 0 | P19: 0 | Q19: 0 | R19: B | T19: 95 | U19: 0 | V19: =SUM(K19:Q19) -> 96 | W19: =Summary!$C$20*K19+Summary!$C$21*L19+Summary!$C$22*M19+Summary!$C$23*N19+Summary!$C$24*O19+Summary!$C$25*P19+Summary!$C$26*Q19 -> 1589.72 | X19: 1.00:0.00 | Y19: 95 | Z19: 95 | AG19: E: 250, F: 320, | AH19: Demurrage | AK19: Tk prep
A20: 17 | B20: =1180-C20 -> 482.00067 | C20: =SUM(D20:J20) -> 697.99933 | D20: =D19-K20 -> 0 | E20: =E19-L20 -> 0.21232877 | F20: =F19-M20 -> 150 | G20: =G19-N20 -> 21.5 | H20: =H19-O20 -> 0 | I20: =I19-P20 -> 206.287 | J20: =J19-Q20 -> 320 | K20: 37.44 | L20: =(37.44/73)*27 -> 13.847671 | M20: 0 | N20: 0 | O20: 0 | P20: =95-51.287 -> 43.713 | Q20: 0 | R20: B | T20: 77.60274 | U20: 0 | V20: =SUM(K20:Q20) -> 95.000671 | W20: =Summary!$C$20*K20+Summary!$C$21*L20+Summary!$C$22*M20+Summary!$C$23*N20+Summary!$C$24*O20+Summary!$C$25*P20+Summary!$C$26*Q20 -> 1285.4462 | X20: 1.00:0.00 | Y20: 77.60274 | Z20: 95 | AH20: Discharge | AI20: Load Base (17-19) | AK20: B: 150
A21: 18 | B21: =1180-C21 -> 12.000671 | C21: =SUM(D21:J21) -> 1167.9993 | D21: =D20-K21 -> 0 | E21: =E20-L21 -> 0.21232877 | F21: =F20-M21 -> 150 | G21: =G20-N21 -> 21.5 | H21: =H20-O21 -> 0 | I21: =I20-P21 + 550 -> 676.287 | J21: =J20-Q21 -> 320 | K21: 0 | L21: 0 | M21: 0 | N21: 0 | O21: 0 | P21: 80 | Q21: 0 | R21: E | T21: 95 | U21: 0 | V21: =SUM(K21:Q21) -> 80 | W21: =Summary!$C$20*K21+Summary!$C$21*L21+Summary!$C$22*M21+Summary!$C$23*N21+Summary!$C$24*O21+Summary!$C$25*P21+Summary!$C$26*Q21 -> 798.4 | X21: 1.00:0.00 | Y21: 95 | Z21: 95 | AH21: Discharge | AI21: Sail
A22: 19 | B22: =1180-C22 -> 92.000671 | C22: =SUM(D22:J22) -> 1087.9993 | D22: =D21-K22 -> 0 | E22: =E21-L22 -> 0.21232877 | F22: =F21-M22 -> 150 | G22: =G21-N22 -> 21.5 | H22: =H21-O22 -> 0 | I22: =I21-P22 -> 596.287 | J22: =J21-Q22 -> 320 | K22: 0 | L22: 0 | M22: 0 | N22: 0 | O22: 0 | P22: 80 | Q22: 0 | R22: C | T22: 96 | U22: 0 | V22: =SUM(K22:Q22) -> 80 | W22: =Summary!$C$20*K22+Summary!$C$21*L22+Summary!$C$22*M22+Summary!$C$23*N22+Summary!$C$24*O22+Summary!$C$25*P22+Summary!$C$26*Q22 -> 798.4 | X22: 1.00:0.00 | Y22: 96 | Z22: 96 | AH22: Tank Prep | AI22: Sail | AJ22: Load C (17-19)
A23: 20 | B23: =1180-C23 -> 172.00067 | C23: =SUM(D23:J23) -> 1007.9993 | D23: =D22-K23 -> 0 | E23: =E22-L23 -> 0.21232877 | F23: =F22-M23 -> 150 | G23: =G22-N23 -> 21.5 | H23: =H22-O23 -> 0 | I23: =I22-P23 -> 516.287 | J23: =J22-Q23 -> 320 | K23: 0 | L23: 0 | M23: 0 | N23: 0 | O23: 0 | P23: 80 | Q23: 0 | R23: C | T23: 96 | U23: 0 | V23: =SUM(K23:Q23) -> 80 | W23: =Summary!$C$20*K23+Summary!$C$21*L23+Summary!$C$22*M23+Summary!$C$23*N23+Summary!$C$24*O23+Summary!$C$25*P23+Summary!$C$26*Q23 -> 798.4 | X23: 1.00:0.00 | Y23: 96 | Z23: 96 | AH23: Tank Prep | AI23: Sail | AJ23: Sail
A24: 21 | B24: =1180-C24 -> 252.00067 | C24: =SUM(D24:J24) -> 927.99933 | D24: =D23-K24 -> 0 | E24: =E23-L24 -> 0.21232877 | F24: =F23-M24 -> 150 | G24: =G23-N24 -> 21.5 | H24: =H23-O24 -> 0 | I24: =I23-P24 -> 516.287 | J24: =J23-Q24 -> 240 | K24: 0 | L24: 0 | M24: 0 | N24: 0 | O24: 0 | P24: 0 | Q24: 80 | R24: C | T24: 8 | U24: 0 | V24: =SUM(K24:Q24) -> 80 | W24: =Summary!$C$20*K24+Summary!$C$21*L24+Summary!$C$22*M24+Summary!$C$23*N24+Summary!$C$24*O24+Summary!$C$25*P24+Summary!$C$26*Q24 -> 797.6 | X24: 1.00:0.00 | Y24: 8 | Z24: 96 | AH24: Tank Prep | AI24: Load F (19-22) | AJ24: Sail
A25: 22 | B25: =1180-C25 -> 332.00067 | C25: =SUM(D25:J25) -> 847.99933 | D25: =D24-K25 -> 0 | E25: =E24-L25 -> 0.21232877 | F25: =F24-M25 -> 150 | G25: =G24-N25 -> 21.5 | H25: =H24-O25 -> 0 | I25: =I24-P25 -> 516.287 | J25: =J24-Q25 -> 160 | K25: 0 | L25: 0 | M25: 0 | N25: 0 | O25: 0 | P25: 0 | Q25: 80 | R25: Base | T25: 87 | U25: 0 | V25: =SUM(K25:Q25) -> 80 | W25: =Summary!$C$20*K25+Summary!$C$21*L25+Summary!$C$22*M25+Summary!$C$23*N25+Summary!$C$24*O25+Summary!$C$25*P25+Summary!$C$26*Q25 -> 797.6 | X25: 1.00:0.00 | Y25: 87 | Z25: 87 | AH25: E: 550 | AI25: Sail | AJ25: Sail
A26: 23 | B26: =1180-C26 -> 412.00067 | C26: =SUM(D26:J26) -> 767.99933 | D26: =D25-K26 -> 0 | E26: =E25-L26 -> 0.21232877 | F26: =F25-M26 -> 150 | G26: =G25-N26 -> 21.5 | H26: =H25-O26 -> 0 | I26: =I25-P26 -> 516.287 | J26: =J25-Q26 -> 80 | K26: 0 | L26: 0 | M26: 0 | N26: 0 | O26: 0 | P26: 0 | Q26: 80 | R26: Base | T26: 87 | U26: 0 | V26: =SUM(K26:Q26) -> 80 | W26: =Summary!$C$20*K26+Summary!$C$21*L26+Summary!$C$22*M26+Summary!$C$23*N26+Summary!$C$24*O26+Summary!$C$25*P26+Summary!$C$26*Q26 -> 797.6 | X26: 1.00:0.00 | Y26: 87 | Z26: 87 | AI26: Sail | AJ26: Load E (23-24)
A27: 24 | B27: =1180-C27 -> 492.00067 | C27: =SUM(D27:J27) -> 687.99933 | D27: =D26-K27 -> 0 | E27: =E26-L27 -> 0.21232877 | F27: =F26-M27 -> 150 | G27: =G26-N27 -> 21.5 | H27: =H26-O27 -> 0 | I27: =I26-P27 -> 516.287 | J27: =J26-Q27 -> 0 | K27: 0 | L27: 0 | M27: 0 | N27: 0 | O27: 0 | P27: 0 | Q27: 80 | R27: Base | T27: 87 | U27: 0 | V27: =SUM(K27:Q27) -> 80 | W27: =Summary!$C$20*K27+Summary!$C$21*L27+Summary!$C$22*M27+Summary!$C$23*N27+Summary!$C$24*O27+Summary!$C$25*P27+Summary!$C$26*Q27 -> 797.6 | X27: 1.00:0.00 | Y27: 87 | Z27: 87 | AI27: Sail | AJ27: Load D (23-24)
A28: 25 | B28: =1180-C28 -> 572.00067 | C28: =SUM(D28:J28) -> 607.99933 | D28: =D27-K28 -> 0 | E28: =E27-L28 -> 0.21232877 | F28: =F27-M28 -> 150 | G28: =G27-N28 -> 21.5 | H28: =H27-O28 -> 0 | I28: =I27-P28 -> 436.287 | J28: =J27-Q28 -> 0 | K28: 0 | L28: 0 | M28: 0 | N28: 0 | O28: 0 | P28: 80 | Q28: 0 | R28: Base | T28: 87 | U28: 0 | V28: =SUM(K28:Q28) -> 80 | W28: =Summary!$C$20*K28+Summary!$C$21*L28+Summary!$C$22*M28+Summary!$C$23*N28+Summary!$C$24*O28+Summary!$C$25*P28+Summary!$C$26*Q28 -> 798.4 | X28: 1.00:0.00 | Y28: 87 | Z28: 87 | AI28: Discharge | AJ28: Sail
A29: 26 | B29: =1180-C29 -> 12.000671 | C29: =SUM(D29:J29) -> 1167.9993 | D29: =D28-K29 + 360 -> 360 | E29: =E28-L29 -> 0.21232877 | F29: =F28-M29 -> 150 | G29: =G28-N29 -> 21.5 | H29: =H28-O29 -> 0 | I29: =I28-P29 -> 356.287 | J29: =J28-Q29 + 280 -> 280 | K29: 0 | L29: 0 | M29: 0 | N29: 0 | O29: 0 | P29: 80 | Q29: 0 | R29: Base | T29: 12 | U29: 0 | V29: =SUM(K29:Q29) -> 80 | W29: =Summary!$C$20*K29+Summary!$C$21*L29+Summary!$C$22*M29+Summary!$C$23*N29+Summary!$C$24*O29+Summary!$C$25*P29+Summary!$C$26*Q29 -> 798.4 | X29: 1.00:0.00 | Y29: 12 | Z29: 87 | AI29: Discharge | AJ29: Sail
A30: 27 | B30: =1180-C30 -> 92.000671 | C30: =SUM(D30:J30) -> 1087.9993 | D30: =D29-K30 -> 360 | E30: =E29-L30 -> 0.21232877 | F30: =F29-M30 -> 150 | G30: =G29-N30 -> 21.5 | H30: =H29-O30 -> 0 | I30: =I29-P30 -> 276.287 | J30: =J29-Q30 -> 280 | K30: 0 | L30: 0 | M30: 0 | N30: 0 | O30: 0 | P30: 80 | Q30: 0 | R30: D | T30: 95 | U30: 0 | V30: =SUM(K30:Q30) -> 80 | W30: =Summary!$C$20*K30+Summary!$C$21*L30+Summary!$C$22*M30+Summary!$C$23*N30+Summary!$C$24*O30+Summary!$C$25*P30+Summary!$C$26*Q30 -> 798.4 | X30: 1.00:0.00 | Y30: 95 | Z30: 95 | AI30: Tank Prep | AJ30: Sail
A31: 28 | B31: =1180-C31 -> 187.00067 | C31: =SUM(D31:J31) -> 992.99933 | D31: =D30-K31 -> 360 | E31: =E30-L31 -> 0.21232877 | F31: =F30-M31 -> 150 | G31: =G30-N31 -> 21.5 | H31: =H30-O31 -> 0 | I31: =I30-P31 -> 181.287 | J31: =J30-Q31 -> 280 | K31: 0 | L31: 0 | M31: 0 | N31: 0 | O31: 0 | P31: 95 | Q31: 0 | R31: D | T31: 55 | U31: 0 | V31: =SUM(K31:Q31) -> 95 | W31: =Summary!$C$20*K31+Summary!$C$21*L31+Summary!$C$22*M31+Summary!$C$23*N31+Summary!$C$24*O31+Summary!$C$25*P31+Summary!$C$26*Q31 -> 948.1 | X31: 1.00:0.00 | Y31: 55 | Z31: 95 | AI31: Tank Prep | AJ31: Discharge
A32: 29 | B32: =1180-C32 -> 282.00067 | C32: =SUM(D32:J32) -> 897.99933 | D32: =D31-K32 -> 360 | E32: =E31-L32 -> 0.21232877 | F32: =F31-M32 -> 150 | G32: =G31-N32 -> 21.5 | H32: =H31-O32 -> 0 | I32: =I31-P32 -> 86.287 | J32: =J31-Q32 -> 280 | K32: 0 | L32: 0 | M32: 0 | N32: 0 | O32: 0 | P32: 95 | Q32: 0 | R32: E | T32: 95 | U32: 0 | V32: =SUM(K32:Q32) -> 95 | W32: =Summary!$C$20*K32+Summary!$C$21*L32+Summary!$C$22*M32+Summary!$C$23*N32+Summary!$C$24*O32+Summary!$C$25*P32+Summary!$C$26*Q32 -> 948.1 | X32: 1.00:0.00 | Y32: 95 | Z32: 95 | AI32: Tank Prep | AJ32: Discharge
A33: 30 | B33: =1180-C33 -> 377.00067 | C33: =SUM(D33:J33) -> 802.99933 | D33: =D32-K33 -> 360 | E33: =E32-L33 -> 0.21232877 | F33: =F32-M33 -> 150 | G33: =G32-N33 -> 21.5 | H33: =H32-O33 -> 0 | I33: =I32-P33 -> 86.287 | J33: =J32-Q33 -> 185 | K33: 0 | L33: 0 | M33: 0 | N33: 0 | O33: 0 | P33: 0 | Q33: 95 | R33: E | T33: 95 | U33: 0 | V33: =SUM(K33:Q33) -> 95 | W33: =Summary!$C$20*K33+Summary!$C$21*L33+Summary!$C$22*M33+Summary!$C$23*N33+Summary!$C$24*O33+Summary!$C$25*P33+Summary!$C$26*Q33 -> 947.15 | X33: 1.00:0.00 | Y33: 95 | Z33: 95 | AI33: Base: 360, F: 280 | AJ33: Tank Prep
A34: 31 | B34: =1180-C34 -> 472.00067 | C34: =SUM(D34:J34) -> 707.99933 | D34: =D33-K34 -> 360 | E34: =E33-L34 -> 0.21232877 | F34: =F33-M34 -> 150 | G34: =G33-N34 -> 21.5 | H34: =H33-O34 -> 0 | I34: =I33-P34 -> 86.287 | J34: =J33-Q34 -> 90 | K34: 0 | L34: 0 | M34: 0 | N34: 0 | O34: 0 | P34: 0 | Q34: 95 | V34: =SUM(K34:Q34) -> 95 | W34: =Summary!$C$20*K34+Summary!$C$21*L34+Summary!$C$22*M34+Summary!$C$23*N34+Summary!$C$24*O34+Summary!$C$25*P34+Summary!$C$26*Q34 -> 947.15 | AJ34: Tank Prep
A35: 32 | B35: =1180-C35 -> 568.00067 | C35: =SUM(D35:J35) -> 611.99933 | D35: =D34-K35 -> 290 | E35: =E34-L35 -> 0.21232877 | F35: =F34-M35 -> 150 | G35: =G34-N35 -> 21.5 | H35: =H34-O35 -> 0 | I35: =I34-P35 -> 86.287 | J35: =J34-Q35 -> 64 | K35: =96-26 -> 70 | L35: 0 | M35: 0 | N35: 0 | O35: 0 | P35: 0 | Q35: 26 | V35: =SUM(K35:Q35) -> 96 | W35: =Summary!$C$20*K35+Summary!$C$21*L35+Summary!$C$22*M35+Summary!$C$23*N35+Summary!$C$24*O35+Summary!$C$25*P35+Summary!$C$26*Q35 -> 1368.72 | AJ35: Tank Prep
A36: 33 | B36: =1180-C36 -> 214.00067 | C36: =SUM(D36:J36) -> 965.99933 | D36: =D35-K36 -> 220 | E36: =E35-L36 -> 0.21232877 | F36: =F35-M36 -> 150 | G36: =G35-N36 + 200 -> 195.5 | H36: =H35-O36 + 150 -> 150 | I36: =I35-P36 + 100 -> 186.287 | J36: =J35-Q36 -> 64 | K36: 70 | L36: 0 | M36: 0 | N36: 26 | O36: 0 | P36: 0 | Q36: 0 | V36: =SUM(K36:Q36) -> 96 | W36: =Summary!$C$20*K36+Summary!$C$21*L36+Summary!$C$22*M36+Summary!$C$23*N36+Summary!$C$24*O36+Summary!$C$25*P36+Summary!$C$26*Q36 -> 1609.74 | AJ36: C: 200, E: 100, D: 150
A37: 34 | B37: =1180-C37 -> 310.00067 | C37: =SUM(D37:J37) -> 869.99933 | D37: =D36-K37 -> 150 | E37: =E36-L37 -> 0.21232877 | F37: =F36-M37 -> 150 | G37: =G36-N37 -> 169.5 | H37: =H36-O37 -> 150 | I37: =I36-P37 -> 186.287 | J37: =J36-Q37 -> 64 | K37: 70 | L37: 0 | M37: 0 | N37: 26 | O37: 0 | P37: 0 | Q37: 0 | V37: =SUM(K37:Q37) -> 96 | W37: =Summary!$C$20*K37+Summary!$C$21*L37+Summary!$C$22*M37+Summary!$C$23*N37+Summary!$C$24*O37+Summary!$C$25*P37+Summary!$C$26*Q37 -> 1609.74
A38: 35 | B38: =1180-C38 -> 406.00067 | C38: =SUM(D38:J38) -> 773.99933 | D38: =D37-K38 -> 80 | E38: =E37-L38 -> 0.21232877 | F38: =F37-M38 -> 150 | G38: =G37-N38 -> 143.5 | H38: =H37-O38 -> 150 | I38: =I37-P38 -> 186.287 | J38: =J37-Q38 -> 64 | K38: 70 | L38: 0 | M38: 0 | N38: 26 | O38: 0 | P38: 0 | Q38: 0 | V38: =SUM(K38:Q38) -> 96 | W38: =Summary!$C$20*K38+Summary!$C$21*L38+Summary!$C$22*M38+Summary!$C$23*N38+Summary!$C$24*O38+Summary!$C$25*P38+Summary!$C$26*Q38 -> 1609.74
A39: 36 | B39: =1180-C39 -> 502.00067 | C39: =SUM(D39:J39) -> 677.99933 | D39: =D38-K39 -> 10 | E39: =E38-L39 -> 0.21232877 | F39: =F38-M39 -> 150 | G39: =G38-N39 -> 117.5 | H39: =H38-O39 -> 150 | I39: =I38-P39 -> 186.287 | J39: =J38-Q39 -> 64 | K39: 70 | L39: 0 | M39: 0 | N39: 26 | O39: 0 | P39: 0 | Q39: 0 | V39: =SUM(K39:Q39) -> 96 | W39: =Summary!$C$20*K39+Summary!$C$21*L39+Summary!$C$22*M39+Summary!$C$23*N39+Summary!$C$24*O39+Summary!$C$25*P39+Summary!$C$26*Q39 -> 1609.74
A40: 37 | B40: =1180-C40 -> 597.00067 | C40: =SUM(D40:J40) -> 582.99933 | D40: =D39-K40 -> 10 | E40: =E39-L40 -> 0.21232877 | F40: =F39-M40 -> 150 | G40: =G39-N40 -> 117.5 | H40: =H39-O40 -> 150 | I40: =I39-P40 -> 91.287 | J40: =J39-Q40 -> 64 | K40: 0 | L40: 0 | M40: 0 | N40: 0 | O40: 0 | P40: 95 | Q40: 0 | V40: =SUM(K40:Q40) -> 95 | W40: =Summary!$C$20*K40+Summary!$C$21*L40+Summary!$C$22*M40+Summary!$C$23*N40+Summary!$C$24*O40+Summary!$C$25*P40+Summary!$C$26*Q40 -> 948.1
A41: 38 | B41: =1180-C41 -> 692.00067 | C41: =SUM(D41:J41) -> 487.99933 | D41: =D40-K41 -> 10 | E41: =E40-L41 -> 0.21232877 | F41: =F40-M41 -> 148 | G41: =G40-N41 -> 117.5 | H41: =H40-O41 -> 148 | I41: =I40-P41 -> 0.287 | J41: =J40-Q41 -> 64 | K41: 0 | L41: 0 | M41: 2 | N41: 0 | O41: 2 | P41: 91 | Q41: 0 | V41: =SUM(K41:Q41) -> 95 | W41: =Summary!$C$20*K41+Summary!$C$21*L41+Summary!$C$22*M41+Summary!$C$23*N41+Summary!$C$24*O41+Summary!$C$25*P41+Summary!$C$26*Q41 -> 961.98
A42: 39 | B42: =1180-C42 -> 788.00067 | C42: =SUM(D42:J42) -> 391.99933 | D42: =D41-K42 -> 10 | E42: =E41-L42 -> 0.21232877 | F42: =F41-M42 -> 90.4 | G42: =G41-N42 -> 117.5 | H42: =H41-O42 -> 109.6 | I42: =I41-P42 -> 0.287 | J42: =J41-Q42 -> 64 | K42: 0 | L42: 0 | M42: 57.6 | N42: 0 | O42: 38.4 | P42: 0 | Q42: 0 | V42: =SUM(K42:Q42) -> 96 | W42: =Summary!$C$20*K42+Summary!$C$21*L42+Summary!$C$22*M42+Summary!$C$23*N42+Summary!$C$24*O42+Summary!$C$25*P42+Summary!$C$26*Q42 -> 1334.592
A43: 40 | B43: =1180-C43 -> 884.00067 | C43: =SUM(D43:J43) -> 295.99933 | D43: =D42-K43 -> 10 | E43: =E42-L43 -> 0.21232877 | F43: =F42-M43 -> 32.8 | G43: =G42-N43 -> 117.5 | H43: =H42-O43 -> 71.2 | I43: =I42-P43 -> 0.287 | J43: =J42-Q43 -> 64 | K43: 0 | L43: 0 | M43: 57.6 | N43: 0 | O43: 38.4 | P43: 0 | Q43: 0 | V43: =SUM(K43:Q43) -> 96 | W43: =Summary!$C$20*K43+Summary!$C$21*L43+Summary!$C$22*M43+Summary!$C$23*N43+Summary!$C$24*O43+Summary!$C$25*P43+Summary!$C$26*Q43 -> 1334.592
W44: =SUM(W4:W43) -> 48187.418
Q45: Overall 30 days average | V45: =AVERAGE(V4:V33) -> 90.233356 | W45: KBD
Q46: Overall 40 days average | V46: =AVERAGE(V4:V43) -> 91.600017 | W46: KBD
Q48: Total processing | V48: =SUM(V4:V43) -> 3664.0007 | W48: KB
Q49: Opening | V49: =C3 -> 1050 | W49: KB
Q50: Delivery | V50: 2910 | W50: KB
Q51: Closing | V51: =C45 -> 0 | W51: KB | AF51: =V49+V50 -> 3960
AF52: =AF51-V48 -> 295.99933
Q54: Demurrage | V54: 3 | W54: Days

Sheet Scenario 5a
B1: All in KB | D1: Tapis | E1: Dulang | F1: Jitang | G1: Sepat | H1: KIMC | I1: Kimanis | J1: Bintulu
A2: Day | B2: Ullage | C2: Opening Inventory | D2: Inventory_Base | E2: Inventory_A | F2: Inventory_B | G2: Inventory_C | H2: Inventory_D | I2: Inventory_E | J2: Inventory_F | K2: Rate_Base | L2: Rate_A | M2: Rate_B | N2: Rate_C | O2: Rate_D | P2: Rate_E | Q2: Rate_F | R2: primary_grade | S2: secondary_grade | T2: primary_rate | U2: secondary_rate | V2: total_rate | W2: Crude Margin (USD k) | X2: ratio | Y2: capacity_used | Z2: capacity_limit | AA2: Tank 1 | AB2: Tank 2 | AC2: Tank 3 | AD2: Tank 4 | AE2: Tank 5 | AF2: Delivery 1 | AG2: Delivery 2 | AH2: Delivery 3 | AI2: Delivery 4 | AJ2: Delivery 5 | AK2: Delivery 6 | AL2: Comment
A3: 0 | B3: =1180-C3 -> 130 | C3: =SUM(D3:J3) -> 1050 | D3: 350 | E3: 0 | F3: 150 | G3: 150 | H3: 100 | I3: 0 | J3: 300 | K3: 0 | L3: 0 | M3: 0 | N3: 0 | O3: 0 | P3: 0 | Q3: 0 | V3: 0
A4: 1 | B4: =1180-C4 -> 205.25 | C4: =SUM(D4:J4) -> 974.75 | D4: =D3-K4 -> 295 | E4: =E3-L4 -> 0 | F4: =F3-M4 -> 150 | G4: =G3-N4 -> 129.75 | H4: =H3-O4 -> 100 | I4: =I3-P4 -> 0 | J4: =J3-Q4 -> 300 | K4: 55 | L4: 0 | M4: 0 | N4: =0.27*75 -> 20.25 | O4: 0 | P4: 0 | Q4: 0 | R4: C | S4: D | T4: 57.6 | U4: 38.4 | V4: =SUM(K4:Q4) -> 75.25 | W4: =Summary!$C$20*K4+Summary!$C$21*L4+Summary!$C$22*M4+Summary!$C$23*N4+Summary!$C$24*O4+Summary!$C$25*P4+Summary!$C$26*Q4 -> 1261.36 | X4: 0.60:0.40 | Y4: 96 | Z4: 96 | AF4: Load A
A5: 2 | B5: =1180-C5 -> 280.25 | C5: =SUM(D5:J5) -> 899.75 | D5: =D4-K5 -> 240 | E5: =E4-L5 -> 0 | F5: =F4-M5 -> 150 | G5: =G4-N5 -> 109.75 | H5: =H4-O5 -> 100 | I5: =I4-P5 -> 0 | J5: =J4-Q5 -> 300 | K5: 55 | L5: 0 | M5: 0 | N5: 20 | O5: 0 | P5: 0 | Q5: 0 | R5: C | S5: D | T5: 57.6 | U5: 38.4 | V5: =SUM(K5:Q5) -> 75 | W5: =Summary!$C$20*K5+Summary!$C$21*L5+Summary!$C$22*M5+Summary!$C$23*N5+Summary!$C$24*O5+Summary!$C$25*P5+Summary!$C$26*Q5 -> 1256.55 | X5: 0.60:0.40 | Y5: 96 | Z5: 96 | AF5: Sail
A6: 3 | B6: =1180-C6 -> 355.25 | C6: =SUM(D6:J6) -> 824.75 | D6: =D5-K6 -> 185 | E6: =E5-L6 -> 0 | F6: =F5-M6 -> 150 | G6: =G5-N6 -> 89.75 | H6: =H5-O6 -> 100 | I6: =I5-P6 -> 0 | J6: =J5-Q6 -> 300 | K6: 55 | L6: 0 | M6: 0 | N6: 20 | O6: 0 | P6: 0 | Q6: 0 | R6: C | S6: D | T6: 34.8 | U6: 23.2 | V6: =SUM(K6:Q6) -> 75 | W6: =Summary!$C$20*K6+Summary!$C$21*L6+Summary!$C$22*M6+Summary!$C$23*N6+Summary!$C$24*O6+Summary!$C$25*P6+Summary!$C$26*Q6 -> 1256.55 | X6: 0.60:0.40 | Y6: 58 | Z6: 96 | AF6: Sail
A7: 4 | B7: =1180-C7 -> 438.25 | C7: =SUM(D7:J7) -> 741.75 | D7: =D6-K7 -> 124 | E7: =E6-L7 -> 0 | F7: =F6-M7 -> 150 | G7: =G6-N7 -> 67.75 | H7: =H6-O7 -> 100 | I7: =I6-P7 -> 0 | J7: =J6-Q7 -> 300 | K7: 61 | L7: 0 | M7: 0 | N7: 22 | O7: 0 | P7: 0 | Q7: 0 | R7: B | S7: Base | T7: 25.65 | U7: 69.35 | V7: =SUM(K7:Q7) -> 83 | W7: =Summary!$C$20*K7+Summary!$C$21*L7+Summary!$C$22*M7+Summary!$C$23*N7+Summary!$C$24*O7+Summary!$C$25*P7+Summary!$C$26*Q7 -> 1390.13 | X7: 0.27:0.73 | Y7: 95 | Z7: 95 | AF7: Sail
A8: 5 | B8: =1180-C8 -> 523.25 | C8: =SUM(D8:J8) -> 656.75 | D8: =D7-K8 -> 62 | E8: =E7-L8 -> 0 | F8: =F7-M8 -> 150 | G8: =G7-N8 -> 44.75 | H8: =H7-O8 -> 100 | I8: =I7-P8 -> 0 | J8: =J7-Q8 -> 300 | K8: 62 | L8: 0 | M8: 0 | N8: 23 | O8: 0 | P8: 0 | Q8: 0 | R8: A | S8: Base | T8: 25.92 | U8: 70.08 | V8: =SUM(K8:Q8) -> 85 | W8: =Summary!$C$20*K8+Summary!$C$21*L8+Summary!$C$22*M8+Summary!$C$23*N8+Summary!$C$24*O8+Summary!$C$25*P8+Summary!$C$26*Q8 -> 1425.22 | X8: 0.27:0.73 | Y8: 96 | Z8: 96 | AF8: Load F (5-7) | AG8: Load E (5-7)
A9: 6 | B9: =1180-C9 -> 608.25 | C9: =SUM(D9:J9) -> 571.75 | D9: =D8-K9 -> 0 | E9: =E8-L9 -> 0 | F9: =F8-M9 -> 150 | G9: =G8-N9 -> 21.75 | H9: =H8-O9 -> 100 | I9: =I8-P9 -> 0 | J9: =J8-Q9 -> 300 | K9: 62 | L9: 0 | M9: 0 | N9: 23 | O9: 0 | P9: 0 | Q9: 0 | R9: A | S9: Base | T9: 25.92 | U9: 70.08 | V9: =SUM(K9:Q9) -> 85 | W9: =Summary!$C$20*K9+Summary!$C$21*L9+Summary!$C$22*M9+Summary!$C$23*N9+Summary!$C$24*O9+Summary!$C$25*P9+Summary!$C$26*Q9 -> 1425.22 | X9: 0.27:0.73 | Y9: 96 | Z9: 96 | AF9: Sail | AG9: Sail
A10: 7 | B10: =1180-C10 -> 688.25 | C10: =SUM(D10:J10) -> 491.75 | D10: =D9-K10 -> 0 | E10: =E9-L10 -> 0 | F10: =F9-M10 -> 150 | G10: =G9-N10 -> 21.75 | H10: =H9-O10 -> 100 | I10: =I9-P10 -> 0 | J10: =J9-Q10 -> 220 | K10: 0 | L10: 0 | M10: 0 | N10: 0 | O10: 0 | P10: 0 | Q10: 80 | R10: A | S10: Base | T10: 25.92 | U10: 70.08 | V10: =SUM(K10:Q10) -> 80 | W10: =Summary!$C$20*K10+Summary!$C$21*L10+Summary!$C$22*M10+Summary!$C$23*N10+Summary!$C$24*O10+Summary!$C$25*P10+Summary!$C$26*Q10 -> 797.6 | X10: 0.27:0.73 | Y10: 96 | Z10: 96 | AF10: Sail | AG10: Sail
A11: 8 | B11: =1180-C11 -> 768.25 | C11: =SUM(D11:J11) -> 411.75 | D11: =D10-K11 -> 0 | E11: =E10-L11 -> 0 | F11: =F10-M11 -> 150 | G11: =G10-N11 -> 21.75 | H11: =H10-O11 -> 100 | I11: =I10-P11 -> 0 | J11: =J10-Q11 -> 140 | K11: 0 | L11: 0 | M11: 0 | N11: 0 | O11: 0 | P11: 0 | Q11: 80 | R11: A | S11: Base | T11: 25.92 | U11: 70.08 | V11: =SUM(K11:Q11) -> 80 | W11: =Summary!$C$20*K11+Summary!$C$21*L11+Summary!$C$22*M11+Summary!$C$23*N11+Summary!$C$24*O11+Summary!$C$25*P11+Summary!$C$26*Q11 -> 797.6 | X11: 0.27:0.73 | Y11: 96 | Z11: 96 | AF11: Sail | AG11: Sail | AK11: Load Base (6-8)
A12: 9 | B12: =1180-C12 -> 848.25 | C12: =SUM(D12:J12) -> 331.75 | D12: =D11-K12 -> 0 | E12: =E11-L12 -> 0 | F12: =F11-M12 -> 150 | G12: =G11-N12 -> 21.75 | H12: =H11-O12 -> 100 | I12: =I11-P12 -> 0 | J12: =J11-Q12 -> 60 | K12: 0 | L12: 0 | M12: 0 | N12: 0 | O12: 0 | P12: 0 | Q12: 80 | R12: A | S12: Base | T12: 25.92 | U12: 70.08 | V12: =SUM(K12:Q12) -> 80 | W12: =Summary!$C$20*K12+Summary!$C$21*L12+Summary!$C$22*M12+Summary!$C$23*N12+Summary!$C$24*O12+Summary!$C$25*P12+Summary!$C$26*Q12 -> 797.6 | X12: 0.27:0.73 | Y12: 96 | Z12: 96 | AF12: Discharge | AG12: Discharge | AK12: Load B (8-10)
A13: 10 | B13: =1180-C13 -> 208.25 | C13: =SUM(D13:J13) -> 971.75 | D13: =D12-K13 -> 0 | E13: =E12-L13 + 150 -> 150 | F13: =F12-M13 -> 138 | G13: =G12-N13 -> 21.75 | H13: =H12-O13 -> 92 | I13: =I12-P13 + 250 -> 250 | J13: =J12-Q13 + 320 -> 320 | K13: 0 | L13: 0 | M13: =0.6*(80-60) -> 12 | N13: 0 | O13: =0.4*(80-60) -> 8 | P13: 0 | Q13: 60 | R13: A | S13: Base | T13: 20.4 | U13: 55.155556 | V13: =SUM(K13:Q13) -> 80 | W13: =Summary!$C$20*K13+Summary!$C$21*L13+Summary!$C$22*M13+Summary!$C$23*N13+Summary!$C$24*O13+Summary!$C$25*P13+Summary!$C$26*Q13 -> 876.24 | X13: 0.27:0.73 | Y13: 75.555556 | Z13: 96 | AF13: Discharge | AG13: Discharge | AK13: Sail
A14: 11 | B14: =1180-C14 -> 288.25 | C14: =SUM(D14:J14) -> 891.75 | D14: =D13-K14 -> 0 | E14: =E13-L14 -> 150 | F14: =F13-M14 -> 90 | G14: =G13-N14 -> 21.75 | H14: =H13-O14 -> 60 | I14: =I13-P14 -> 250 | J14: =J13-Q14 -> 320 | K14: 0 | L14: 0 | M14: =80*0.6 -> 48 | N14: 0 | O14: =0.4*80 -> 32 | P14: 0 | Q14: 0 | R14: B | S14: Base | T14: 25.65 | U14: 69.35 | V14: =SUM(K14:Q14) -> 80 | W14: =Summary!$C$20*K14+Summary!$C$21*L14+Summary!$C$22*M14+Summary!$C$23*N14+Summary!$C$24*O14+Summary!$C$25*P14+Summary!$C$26*Q14 -> 1112.16 | X14: 0.27:0.73 | Y14: 95 | Z14: 95 | AF14: Tank Prep | AG14: Tank Prep | AH14: Load E (10-11) | AK14: Sail
A15: 12 | B15: =1180-C15 -> 368.25 | C15: =SUM(D15:J15) -> 811.75 | D15: =D14-K15 -> 0 | E15: =E14-L15 -> 150 | F15: =F14-M15 -> 42 | G15: =G14-N15 -> 21.75 | H15: =H14-O15 -> 28 | I15: =I14-P15 -> 250 | J15: =J14-Q15 -> 320 | K15: 0 | L15: 0 | M15: 48 | N15: 0 | O15: 32 | P15: 0 | Q15: 0 | R15: B | S15: Base | T15: 25.65 | U15: 69.35 | V15: =SUM(K15:Q15) -> 80 | W15: =Summary!$C$20*K15+Summary!$C$21*L15+Summary!$C$22*M15+Summary!$C$23*N15+Summary!$C$24*O15+Summary!$C$25*P15+Summary!$C$26*Q15 -> 1112.16 | X15: 0.27:0.73 | Y15: 95 | Z15: 95 | AF15: Tank Prep | AG15: Tank Prep | AH15: Sail | AK15: Demurrage
A16: 13 | B16: =1180-C16 -> 438.25 | C16: =SUM(D16:J16) -> 741.75 | D16: =D15-K16 -> 0 | E16: =E15-L16 -> 150 | F16: =F15-M16 -> 0 | G16: =G15-N16 -> 21.75 | H16: =H15-O16 -> 0 | I16: =I15-P16 -> 250 | J16: =J15-Q16 -> 320 | K16: 0 | L16: 0 | M16: 42 | N16: 0 | O16: =(42/60)*40 -> 28 | P16: 0 | Q16: 0 | R16: B | S16: Base | T16: 25.65 | U16: 69.35 | V16: =SUM(K16:Q16) -> 70 | W16: =Summary!$C$20*K16+Summary!$C$21*L16+Summary!$C$22*M16+Summary!$C$23*N16+Summary!$C$24*O16+Summary!$C$25*P16+Summary!$C$26*Q16 -> 973.14 | X16: 0.27:0.73 | Y16: 95 | Z16: 95 | AF16: Tank Prep | AG16: Tank Prep | AH16: Sail | AK16: Demurrage
A17: 14 | B17: =1180-C17 -> 523.25 | C17: =SUM(D17:J17) -> 656.75 | D17: =D16-K17 -> 0 | E17: =E16-L17 -> 150 | F17: =F16-M17 -> 0 | G17: =G16-N17 -> 21.75 | H17: =H16-O17 -> 0 | I17: =I16-P17 -> 165 | J17: =J16-Q17 -> 320 | K17: 0 | L17: 0 | M17: 0 | N17: 0 | O17: 0 | P17: 85 | Q17: 0 | R17: B | S17: Base | T17: 24.79726 | U17: 67.044444 | V17: =SUM(K17:Q17) -> 85 | W17: =Summary!$C$20*K17+Summary!$C$21*L17+Summary!$C$22*M17+Summary!$C$23*N17+Summary!$C$24*O17+Summary!$C$25*P17+Summary!$C$26*Q17 -> 848.3 | X17: 0.27:0.73 | Y17: 91.841705 | Z17: 95 | AF17: A: 150, F: 320 | AG17: E: 250 | AH17: Sail | AK17: Discharge
A18: 15 | B18: =1180-C18 -> 58.25 | C18: =SUM(D18:J18) -> 1121.75 | D18: =D17-K18 + 400 -> 400 | E18: =E17-L18 -> 150 | F18: =F17-M18 + 150 -> 150 | G18: =G17-N18 -> 21.75 | H18: =H17-O18 -> 0 | I18: =I17-P18 -> 80 | J18: =J17-Q18 -> 320 | K18: 0 | L18: 0 | M18: 0 | N18: 0 | O18: 0 | P18: 85 | Q18: 0 | R18: C | T18: 7.1054274e-15 | U18: 0 | V18: =SUM(K18:Q18) -> 85 | W18: =Summary!$C$20*K18+Summary!$C$21*L18+Summary!$C$22*M18+Summary!$C$23*N18+Summary!$C$24*O18+Summary!$C$25*P18+Summary!$C$26*Q18 -> 848.3 | X18: 1.00:0.00 | Y18: 7.1054274e-15 | Z18: 96 | AH18: Demurrage | AK18: Discharge
A19: 16 | B19: =1180-C19 -> 143.25 | C19: =SUM(D19:J19) -> 1036.75 | D19: =D18-K19 -> 400 | E19: =E18-L19 -> 150 | F19: =F18-M19 -> 150 | G19: =G18-N19 -> 21.75 | H19: =H18-O19 -> 0 | I19: =I18-P19 -> 0 | J19: =J18-Q19 -> 315 | K19: 0 | L19: 0 | M19: 0 | N19: 0 | O19: 0 | P19: 80 | Q19: 5 | R19: B | T19: 95 | U19: 0 | V19: =SUM(K19:Q19) -> 85 | W19: =Summary!$C$20*K19+Summary!$C$21*L19+Summary!$C$22*M19+Summary!$C$23*N19+Summary!$C$24*O19+Summary!$C$25*P19+Summary!$C$26*Q19 -> 848.25 | X19: 1.00:0.00 | Y19: 95 | Z19: 95 | AH19: Demurrage | AK19: Tk prep
A20: 17 | B20: =1180-C20 -> 223.25 | C20: =SUM(D20:J20) -> 956.75 | D20: =D19-K20 -> 400 | E20: =E19-L20 -> 150 | F20: =F19-M20 -> 150 | G20: =G19-N20 -> 21.75 | H20: =H19-O20 -> 0 | I20: =I19-P20 -> 0 | J20: =J19-Q20 -> 235 | K20: 0 | L20: 0 | M20: 0 | N20: 0 | O20: 0 | P20: 0 | Q20: 80 | R20: B | T20: 77.60274 | U20: 0 | V20: =SUM(K20:Q20) -> 80 | W20: =Summary!$C$20*K20+Summary!$C$21*L20+Summary!$C$22*M20+Summary!$C$23*N20+Summary!$C$24*O20+Summary!$C$25*P20+Summary!$C$26*Q20 -> 797.6 | X20: 1.00:0.00 | Y20: 77.60274 | Z20: 95 | AH20: Demurrage | AK20: Tk prep
A21: 18 | B21: =1180-C21 -> 303.25 | C21: =SUM(D21:J21) -> 876.75 | D21: =D20-K21 -> 400 | E21: =E20-L21 -> 150 | F21: =F20-M21 -> 150 | G21: =G20-N21 -> 21.75 | H21: =H20-O21 -> 0 | I21: =I20-P21 -> 0 | J21: =J20-Q21 -> 155 | K21: 0 | L21: 0 | M21: 0 | N21: 0 | O21: 0 | P21: 0 | Q21: 80 | R21: E | T21: 95 | U21: 0 | V21: =SUM(K21:Q21) -> 80 | W21: =Summary!$C$20*K21+Summary!$C$21*L21+Summary!$C$22*M21+Summary!$C$23*N21+Summary!$C$24*O21+Summary!$C$25*P21+Summary!$C$26*Q21 -> 797.6 | X21: 1.00:0.00 | Y21: 95 | Z21: 95 | AH21: Demurrage | AI21: Load Base (17-19) | AK21: Tk prep
A22: 19 | B22: =1180-C22 -> 383.25 | C22: =SUM(D22:J22) -> 796.75 | D22: =D21-K22 -> 400 | E22: =E21-L22 -> 150 | F22: =F21-M22 -> 150 | G22: =G21-N22 -> 21.75 | H22: =H21-O22 -> 0 | I22: =I21-P22 -> 0 | J22: =J21-Q22 -> 75 | K22: 0 | L22: 0 | M22: 0 | N22: 0 | O22: 0 | P22: 0 | Q22: 80 | R22: C | T22: 96 | U22: 0 | V22: =SUM(K22:Q22) -> 80 | W22: =Summary!$C$20*K22+Summary!$C$21*L22+Summary!$C$22*M22+Summary!$C$23*N22+Summary!$C$24*O22+Summary!$C$25*P22+Summary!$C$26*Q22 -> 797.6 | X22: 1.00:0.00 | Y22: 96 | Z22: 96 | AH22: Discharge | AI22: Load C (17-19) | AK22: B: 150, Base : 400
A23: 20 | B23: =1180-C23 -> 478.79795 | C23: =SUM(D23:J23) -> 701.20205 | D23: =D22-K23 -> 385 | E23: =E22-L23 -> 150 | F23: =F22-M23 -> 150 | G23: =G22-N23 -> 16.202055 | H23: =H22-O23 -> 0 | I23: =I22-P23 -> 0 | J23: =J22-Q23 -> 0 | K23: 15 | L23: 0 | M23: 0 | N23: =15/73*27 -> 5.5479452 | O23: 0 | P23: 0 | Q23: 75 | R23: C | T23: 96 | U23: 0 | V23: =SUM(K23:Q23) -> 95.547945 | W23: =Summary!$C$20*K23+Summary!$C$21*L23+Summary!$C$22*M23+Summary!$C$23*N23+Summary!$C$24*O23+Summary!$C$25*P23+Summary!$C$26*Q23 -> 1092.2425 | X23: 1.00:0.00 | Y23: 96 | Z23: 96 | AH23: Discharge | AI23: Sail
A24: 21 | B24: =1180-C24 -> 24.797945 | C24: =SUM(D24:J24) -> 1155.2021 | D24: =D23-K24 -> 315 | E24: =E23-L24 -> 150 | F24: =F23-M24 -> 124 | G24: =G23-N24 -> 16.202055 | H24: =H23-O24 -> 0 | I24: =I23-P24 +550 -> 550 | J24: =J23-Q24 -> 0 | K24: 70 | L24: 0 | M24: 26 | N24: 0 | O24: 0 | P24: 0 | Q24: 0 | R24: C | T24: 8 | U24: 0 | V24: =SUM(K24:Q24) -> 96 | W24: =Summary!$C$20*K24+Summary!$C$21*L24+Summary!$C$22*M24+Summary!$C$23*N24+Summary!$C$24*O24+Summary!$C$25*P24+Summary!$C$26*Q24 -> 1517.96 | X24: 1.00:0.00 | Y24: 8 | Z24: 96 | AH24: Tank Prep | AI24: Sail | AJ24: Load F (19-22)
A25: 22 | B25: =1180-C25 -> 120.79795 | C25: =SUM(D25:J25) -> 1059.2021 | D25: =D24-K25 -> 245 | E25: =E24-L25 -> 150 | F25: =F24-M25 -> 98 | G25: =G24-N25 -> 16.202055 | H25: =H24-O25 -> 0 | I25: =I24-P25 -> 550 | J25: =J24-Q25 -> 0 | K25: 70 | L25: 0 | M25: 26 | N25: 0 | O25: 0 | P25: 0 | Q25: 0 | R25: Base | T25: 87 | U25: 0 | V25: =SUM(K25:Q25) -> 96 | W25: =Summary!$C$20*K25+Summary!$C$21*L25+Summary!$C$22*M25+Summary!$C$23*N25+Summary!$C$24*O25+Summary!$C$25*P25+Summary!$C$26*Q25 -> 1517.96 | X25: 1.00:0.00 | Y25: 87 | Z25: 87 | AH25: Tank Prep | AI25: Demurrage | AJ25: Sail to Sabah
A26: 23 | B26: =1180-C26 -> 216.79795 | C26: =SUM(D26:J26) -> 963.20205 | D26: =D25-K26 -> 175 | E26: =E25-L26 -> 150 | F26: =F25-M26 -> 72 | G26: =G25-N26 -> 16.202055 | H26: =H25-O26 -> 0 | I26: =I25-P26 -> 550 | J26: =J25-Q26 -> 0 | K26: 70 | L26: 0 | M26: 26 | N26: 0 | O26: 0 | P26: 0 | Q26: 0 | R26: Base | T26: 87 | U26: 0 | V26: =SUM(K26:Q26) -> 96 | W26: =Summary!$C$20*K26+Summary!$C$21*L26+Summary!$C$22*M26+Summary!$C$23*N26+Summary!$C$24*O26+Summary!$C$25*P26+Summary!$C$26*Q26 -> 1517.96 | X26: 1.00:0.00 | Y26: 87 | Z26: 87 | AH26: Tank Prep | AI26: Demurrage | AJ26: Load E (23-24)
A27: 24 | B27: =1180-C27 -> 312.79795 | C27: =SUM(D27:J27) -> 867.20205 | D27: =D26-K27 -> 105 | E27: =E26-L27 -> 150 | F27: =F26-M27 -> 46 | G27: =G26-N27 -> 16.202055 | H27: =H26-O27 -> 0 | I27: =I26-P27 -> 550 | J27: =J26-Q27 -> 0 | K27: 70 | L27: 0 | M27: 26 | N27: 0 | O27: 0 | P27: 0 | Q27: 0 | R27: Base | T27: 87 | U27: 0 | V27: =SUM(K27:Q27) -> 96 | W27: =Summary!$C$20*K27+Summary!$C$21*L27+Summary!$C$22*M27+Summary!$C$23*N27+Summary!$C$24*O27+Summary!$C$25*P27+Summary!$C$26*Q27 -> 1517.96 | X27: 1.00:0.00 | Y27: 87 | Z27: 87 | AH27: E: 550 | AI27: Demurrage | AJ27: Load D (23-24)
A28: 25 | B28: =1180-C28 -> 407.79795 | C28: =SUM(D28:J28) -> 772.20205 | D28: =D27-K28 -> 105 | E28: =E27-L28 -> 150 | F28: =F27-M28 -> 46 | G28: =G27-N28 -> 16.202055 | H28: =H27-O28 -> 0 | I28: =I27-P28 -> 455 | J28: =J27-Q28 -> 0 | K28: 0 | L28: 0 | M28: 0 | N28: 0 | O28: 0 | P28: 95 | Q28: 0 | R28: Base | T28: 87 | U28: 0 | V28: =SUM(K28:Q28) -> 95 | W28: =Summary!$C$20*K28+Summary!$C$21*L28+Summary!$C$22*M28+Summary!$C$23*N28+Summary!$C$24*O28+Summary!$C$25*P28+Summary!$C$26*Q28 -> 948.1 | X28: 1.00:0.00 | Y28: 87 | Z28: 87 | AI28: Demurrage | AJ28: Sail
A29: 26 | B29: =1180-C29 -> 502.79795 | C29: =SUM(D29:J29) -> 677.20205 | D29: =D28-K29 -> 105 | E29: =E28-L29 -> 150 | F29: =F28-M29 -> 46 | G29: =G28-N29 -> 16.202055 | H29: =H28-O29 -> 0 | I29: =I28-P29 -> 360 | J29: =J28-Q29 -> 0 | K29: 0 | L29: 0 | M29: 0 | N29: 0 | O29: 0 | P29: 95 | Q29: 0 | R29: Base | T29: 12 | U29: 0 | V29: =SUM(K29:Q29) -> 95 | W29: =Summary!$C$20*K29+Summary!$C$21*L29+Summary!$C$22*M29+Summary!$C$23*N29+Summary!$C$24*O29+Summary!$C$25*P29+Summary!$C$26*Q29 -> 948.1 | X29: 1.00:0.00 | Y29: 12 | Z29: 87 | AI29: Discharge | AJ29: Sail
A30: 27 | B30: =1180-C30 -> 37.797945 | C30: =SUM(D30:J30) -> 1142.2021 | D30: =D29-K30 + 360 -> 465 | E30: =E29-L30 -> 150 | F30: =F29-M30 -> 46 | G30: =G29-N30 + 200 -> 216.20205 | H30: =H29-O30 -> 0 | I30: =I29-P30 -> 265 | J30: =J29-Q30 -> 0 | K30: 0 | L30: 0 | M30: 0 | N30: 0 | O30: 0 | P30: 95 | Q30: 0 | R30: D | T30: 95 | U30: 0 | V30: =SUM(K30:Q30) -> 95 | W30: =Summary!$C$20*K30+Summary!$C$21*L30+Summary!$C$22*M30+Summary!$C$23*N30+Summary!$C$24*O30+Summary!$C$25*P30+Summary!$C$26*Q30 -> 948.1 | X30: 1.00:0.00 | Y30: 95 | Z30: 95 | AI30: Discharge | AJ30: Sail
A31: 28 | B31: =1180-C31 -> 132.79795 | C31: =SUM(D31:J31) -> 1047.2021 | D31: =D30-K31 -> 465 | E31: =E30-L31 -> 150 | F31: =F30-M31 -> 46 | G31: =G30-N31 -> 216.20205 | H31: =H30-O31 -> 0 | I31: =I30-P31 -> 170 | J31: =J30-Q31 -> 0 | K31: 0 | L31: 0 | M31: 0 | N31: 0 | O31: 0 | P31: 95 | Q31: 0 | R31: D | T31: 55 | U31: 0 | V31: =SUM(K31:Q31) -> 95 | W31: =Summary!$C$20*K31+Summary!$C$21*L31+Summary!$C$22*M31+Summary!$C$23*N31+Summary!$C$24*O31+Summary!$C$25*P31+Summary!$C$26*Q31 -> 948.1 | X31: 1.00:0.00 | Y31: 55 | Z31: 95 | AI31: Tank Prep | AJ31: Discharge
A32: 29 | B32: =1180-C32 -> 227.79795 | C32: =SUM(D32:J32) -> 952.20205 | D32: =D31-K32 -> 465 | E32: =E31-L32 -> 150 | F32: =F31-M32 -> 46 | G32: =G31-N32 -> 216.20205 | H32: =H31-O32 -> 0 | I32: =I31-P32 -> 75 | J32: =J31-Q32 -> 0 | K32: 0 | L32: 0 | M32: 0 | N32: 0 | O32: 0 | P32: 95 | Q32: 0 | R32: E | T32: 95 | U32: 0 | V32: =SUM(K32:Q32) -> 95 | W32: =Summary!$C$20*K32+Summary!$C$21*L32+Summary!$C$22*M32+Summary!$C$23*N32+Summary!$C$24*O32+Summary!$C$25*P32+Summary!$C$26*Q32 -> 948.1 | X32: 1.00:0.00 | Y32: 95 | Z32: 95 | AI32: Tank Prep | AJ32: Discharge
A33: 30 | B33: =1180-C33 -> 322.79795 | C33: =SUM(D33:J33) -> 857.20205 | D33: =D32-K33 -> 450.4 | E33: =E32-L33 -> 150 | F33: =F32-M33 -> 46 | G33: =G32-N33 -> 210.80205 | H33: =H32-O33 -> 0 | I33: =I32-P33 -> 0 | J33: =J32-Q33 -> 0 | K33: =(95-75)*0.73 -> 14.6 | L33: 0 | M33: 0 | N33: =(95-75)*0.27 -> 5.4 | O33: 0 | P33: 75 | Q33: 0 | R33: E | T33: 95 | U33: 0 | V33: =SUM(K33:Q33) -> 95 | W33: =Summary!$C$20*K33+Summary!$C$21*L33+Summary!$C$22*M33+Summary!$C$23*N33+Summary!$C$24*O33+Summary!$C$25*P33+Summary!$C$26*Q33 -> 1083.806 | X33: 1.00:0.00 | Y33: 95 | Z33: 95 | AI33: Tank Prep | AJ33: Tank Prep
A34: 31 | B34: =1180-C34 -> 417.79795 | C34: =SUM(D34:J34) -> 762.20205 | D34: =D33-K34 -> 381.05 | E34: =E33-L34 -> 150 | F34: =F33-M34 -> 46 | G34: =G33-N34 -> 185.15205 | H34: =H33-O34 -> 0 | I34: =I33-P34 -> 0 | J34: =J33-Q34 -> 0 | K34: =0.73*95 -> 69.35 | L34: 0 | M34: 0 | N34: =0.27*95 -> 25.65 | O34: 0 | P34: 0 | Q34: 0 | V34: =SUM(K34:Q34) -> 95 | W34: =Summary!$C$20*K34+Summary!$C$21*L34+Summary!$C$22*M34+Summary!$C$23*N34+Summary!$C$24*O34+Summary!$C$25*P34+Summary!$C$26*Q34 -> 1592.7035 | AI34: Base: 360, C: 200 | AJ34: Tank Prep
A35: 32 | B35: =1180-C35 -> 512.79795 | C35: =SUM(D35:J35) -> 667.20205 | D35: =D34-K35 -> 311.7 | E35: =E34-L35 -> 150 | F35: =F34-M35 -> 46 | G35: =G34-N35 -> 159.50205 | H35: =H34-O35 -> 0 | I35: =I34-P35 -> 0 | J35: =J34-Q35 -> 0 | K35: =0.73*95 -> 69.35 | L35: 0 | M35: 0 | N35: =0.27*95 -> 25.65 | O35: 0 | P35: 0 | Q35: 0 | V35: =SUM(K35:Q35) -> 95 | W35: =Summary!$C$20*K35+Summary!$C$21*L35+Summary!$C$22*M35+Summary!$C$23*N35+Summary!$C$24*O35+Summary!$C$25*P35+Summary!$C$26*Q35 -> 1592.7035 | AJ35: Tank Prep
A36: 33 | B36: =1180-C36 -> 77.797945 | C36: =SUM(D36:J36) -> 1102.2021 | D36: =D35-K36 -> 242.35 | E36: =E35-L36 -> 150 | F36: =F35-M36 -> 46 | G36: =G35-N36 -> 133.85205 | H36: =H35-O36 + 150 -> 150 | I36: =I35-P36 + 100 -> 100 | J36: =J35-Q36 + 280 -> 280 | K36: 69.35 | L36: 0 | M36: 0 | N36: 25.65 | O36: 0 | P36: 0 | Q36: 0 | V36: =SUM(K36:Q36) -> 95 | W36: =Summary!$C$20*K36+Summary!$C$21*L36+Summary!$C$22*M36+Summary!$C$23*N36+Summary!$C$24*O36+Summary!$C$25*P36+Summary!$C$26*Q36 -> 1592.7035 | AJ36: Tank Prep, F: 280, E: 100, D: 150
A37: 34 | B37: =1180-C37 -> 172.79795 | C37: =SUM(D37:J37) -> 1007.2021 | D37: =D36-K37 -> 173.35 | E37: =E36-L37 -> 150 | F37: =F36-M37 -> 46 | G37: =G36-N37 -> 107.85205 | H37: =H36-O37 -> 150 | I37: =I36-P37 -> 100 | J37: =J36-Q37 -> 280 | K37: 69 | L37: 0 | M37: 0 | N37: 26 | O37: 0 | P37: 0 | Q37: 0 | V37: =SUM(K37:Q37) -> 95 | W37: =Summary!$C$20*K37+Summary!$C$21*L37+Summary!$C$22*M37+Summary!$C$23*N37+Summary!$C$24*O37+Summary!$C$25*P37+Summary!$C$26*Q37 -> 1593.89
A38: 35 | B38: =1180-C38 -> 267.79795 | C38: =SUM(D38:J38) -> 912.20205 | D38: =D37-K38 -> 104.35 | E38: =E37-L38 -> 150 | F38: =F37-M38 -> 46 | G38: =G37-N38 -> 81.852055 | H38: =H37-O38 -> 150 | I38: =I37-P38 -> 100 | J38: =J37-Q38 -> 280 | K38: 69 | L38: 0 | M38: 0 | N38: 26 | O38: 0 | P38: 0 | Q38: 0 | V38: =SUM(K38:Q38) -> 95 | W38: =Summary!$C$20*K38+Summary!$C$21*L38+Summary!$C$22*M38+Summary!$C$23*N38+Summary!$C$24*O38+Summary!$C$25*P38+Summary!$C$26*Q38 -> 1593.89
A39: 36 | B39: =1180-C39 -> 362.79795 | C39: =SUM(D39:J39) -> 817.20205 | D39: =D38-K39 -> 35.35 | E39: =E38-L39 -> 150 | F39: =F38-M39 -> 46 | G39: =G38-N39 -> 55.852055 | H39: =H38-O39 -> 150 | I39: =I38-P39 -> 100 | J39: =J38-Q39 -> 280 | K39: 69 | L39: 0 | M39: 0 | N39: 26 | O39: 0 | P39: 0 | Q39: 0 | V39: =SUM(K39:Q39) -> 95 | W39: =Summary!$C$20*K39+Summary!$C$21*L39+Summary!$C$22*M39+Summary!$C$23*N39+Summary!$C$24*O39+Summary!$C$25*P39+Summary!$C$26*Q39 -> 1593.89
A40: 37 | B40: =1180-C40 -> 458.11301 | C40: =SUM(D40:J40) -> 721.88699 | D40: =D39-K40 -> 0.35 | E40: =E39-L40 -> 150 | F40: =F39-M40 -> 46 | G40: =G39-N40 -> 42.536986 | H40: =H39-O40 -> 150 | I40: =I39-P40 -> 100 | J40: =J39-Q40 -> 233 | K40: 35 | L40: 0 | M40: 0 | N40: =36/73*27 -> 13.315068 | O40: 0 | P40: 0 | Q40: =95-48 -> 47 | V40: =SUM(K40:Q40) -> 95.315068 | W40: =Summary!$C$20*K40+Summary!$C$21*L40+Summary!$C$22*M40+Summary!$C$23*N40+Summary!$C$24*O40+Summary!$C$25*P40+Summary!$C$26*Q40 -> 1279.5219
A41: 38 | B41: =1180-C41 -> 553.11301 | C41: =SUM(D41:J41) -> 626.88699 | D41: =D40-K41 -> 0.35 | E41: =E40-L41 -> 150 | F41: =F40-M41 -> 46 | G41: =G40-N41 -> 42.536986 | H41: =H40-O41 -> 150 | I41: =I40-P41 -> 100 | J41: =J40-Q41 -> 138 | K41: 0 | L41: 0 | M41: 0 | N41: 0 | O41: 0 | P41: 0 | Q41: 95 | V41: =SUM(K41:Q41) -> 95 | W41: =Summary!$C$20*K41+Summary!$C$21*L41+Summary!$C$22*M41+Summary!$C$23*N41+Summary!$C$24*O41+Summary!$C$25*P41+Summary!$C$26*Q41 -> 947.15
A42: 39 | B42: =1180-C42 -> 648.11301 | C42: =SUM(D42:J42) -> 531.88699 | D42: =D41-K42 -> 0.35 | E42: =E41-L42 -> 150 | F42: =F41-M42 -> -11 | G42: =G41-N42 -> 42.536986 | H42: =H41-O42 -> 112 | I42: =I41-P42 -> 100 | J42: =J41-Q42 -> 138 | K42: 0 | L42: 0 | M42: =95*0.6 -> 57 | N42: 0 | O42: =0.4*95 -> 38 | P42: 0 | Q42: 0 | V42: =SUM(K42:Q42) -> 95 | W42: =Summary!$C$20*K42+Summary!$C$21*L42+Summary!$C$22*M42+Summary!$C$23*N42+Summary!$C$24*O42+Summary!$C$25*P42+Summary!$C$26*Q42 -> 1320.69
A43: 40 | B43: =1180-C43 -> 743.11301 | C43: =SUM(D43:J43) -> 436.88699 | D43: =D42-K43 -> 0.35 | E43: =E42-L43 -> 150 | F43: =F42-M43 -> -68 | G43: =G42-N43 -> 42.536986 | H43: =H42-O43 -> 74 | I43: =I42-P43 -> 100 | J43: =J42-Q43 -> 138 | K43: 0 | L43: 0 | M43: 57 | N43: 0 | O43: 38 | P43: 0 | Q43: 0 | V43: =SUM(K43:Q43) -> 95 | W43: =Summary!$C$20*K43+Summary!$C$21*L43+Summary!$C$22*M43+Summary!$C$23*N43+Summary!$C$24*O43+Summary!$C$25*P43+Summary!$C$26*Q43 -> 1320.69
W44: =SUM(W4:W43) -> 46835.401
Q45: Overall 30 days average | V45: =AVERAGE(V4:V33) -> 85.759932 | W45: KBD
Q46: Overall 40 days average | V46: =AVERAGE(V4:V43) -> 88.077825 | W46: KBD
Q48: Total processing | V48: =SUM(V4:V43) -> 3523.113 | W48: KB
Q49: Opening | V49: =C3 -> 1050 | W49: KB
Q50: Delivery | V50: 2910 | W50: KB
Q51: Closing | V51: =C45 -> 0 | W51: KB | AF51: =V49+V50 -> 3960
AF52: =AF51-V48 -> 436.88699
Q54: Demurrage | V54: 10 | W54: Days

Sheet Scenario 5b
B1: All in KB | D1: Tapis | E1: Dulang | F1: Jitang | G1: Sepat | H1: KIMC | I1: Kimanis | J1: Bintulu
A2: Day | B2: Ullage | C2: Opening Inventory | D2: Inventory_Base | E2: Inventory_A | F2: Inventory_B | G2: Inventory_C | H2: Inventory_D | I2: Inventory_E | J2: Inventory_F | K2: Rate_Base | L2: Rate_A | M2: Rate_B | N2: Rate_C | O2: Rate_D | P2: Rate_E | Q2: Rate_F | R2: primary_grade | S2: secondary_grade | T2: primary_rate | U2: secondary_rate | V2: total_rate | W2: Crude Margin (USD k) | X2: ratio | Y2: capacity_used | Z2: capacity_limit | AA2: Tank 1 | AB2: Tank 2 | AC2: Tank 3 | AD2: Tank 4 | AE2: Tank 5 | AF2: Delivery 1 | AG2: Delivery 2 | AH2: Delivery 3 | AI2: Delivery 4 | AJ2: Delivery 5 | AK2: Delivery 6 | AL2: Comment
A3: 0 | B3: =1180-C3 -> 130 | C3: =SUM(D3:J3) -> 1050 | D3: 350 | E3: 0 | F3: 150 | G3: 150 | H3: 100 | I3: 0 | J3: 300 | K3: 0 | L3: 0 | M3: 0 | N3: 0 | O3: 0 | P3: 0 | Q3: 0 | V3: 0
A4: 1 | B4: =1180-C4 -> 210 | C4: =SUM(D4:J4) -> 970 | D4: =D3-K4 -> 291.6 | E4: =E3-L4 -> 0 | F4: =F3-M4 -> 150 | G4: =G3-N4 -> 128.4 | H4: =H3-O4 -> 100 | I4: =I3-P4 -> 0 | J4: =J3-Q4 -> 300 | K4: =0.73*80 -> 58.4 | L4: 0 | M4: 0 | N4: =0.27*80 -> 21.6 | O4: 0 | P4: 0 | Q4: 0 | R4: C | S4: D | T4: 57.6 | U4: 38.4 | V4: =SUM(K4:Q4) -> 80 | W4: =Summary!$C$20*K4+Summary!$C$21*L4+Summary!$C$22*M4+Summary!$C$23*N4+Summary!$C$24*O4+Summary!$C$25*P4+Summary!$C$26*Q4 -> 1341.224 | X4: 0.60:0.40 | Y4: 96 | Z4: 96
A5: 2 | B5: =1180-C5 -> 290 | C5: =SUM(D5:J5) -> 890 | D5: =D4-K5 -> 233.6 | E5: =E4-L5 -> 0 | F5: =F4-M5 -> 150 | G5: =G4-N5 -> 106.4 | H5: =H4-O5 -> 100 | I5: =I4-P5 -> 0 | J5: =J4-Q5 -> 300 | K5: 58 | L5: 0 | M5: 0 | N5: 22 | O5: 0 | P5: 0 | Q5: 0 | R5: C | S5: D | T5: 57.6 | U5: 38.4 | V5: =SUM(K5:Q5) -> 80 | W5: =Summary!$C$20*K5+Summary!$C$21*L5+Summary!$C$22*M5+Summary!$C$23*N5+Summary!$C$24*O5+Summary!$C$25*P5+Summary!$C$26*Q5 -> 1342.58 | X5: 0.60:0.40 | Y5: 96 | Z5: 96
A6: 3 | B6: =1180-C6 -> 370 | C6: =SUM(D6:J6) -> 810 | D6: =D5-K6 -> 175.6 | E6: =E5-L6 -> 0 | F6: =F5-M6 -> 150 | G6: =G5-N6 -> 84.4 | H6: =H5-O6 -> 100 | I6: =I5-P6 -> 0 | J6: =J5-Q6 -> 300 | K6: 58 | L6: 0 | M6: 0 | N6: 22 | O6: 0 | P6: 0 | Q6: 0 | R6: C | S6: D | T6: 34.8 | U6: 23.2 | V6: =SUM(K6:Q6) -> 80 | W6: =Summary!$C$20*K6+Summary!$C$21*L6+Summary!$C$22*M6+Summary!$C$23*N6+Summary!$C$24*O6+Summary!$C$25*P6+Summary!$C$26*Q6 -> 1342.58 | X6: 0.60:0.40 | Y6: 58 | Z6: 96
A7: 4 | B7: =1180-C7 -> 450 | C7: =SUM(D7:J7) -> 730 | D7: =D6-K7 -> 117.6 | E7: =E6-L7 -> 0 | F7: =F6-M7 -> 150 | G7: =G6-N7 -> 62.4 | H7: =H6-O7 -> 100 | I7: =I6-P7 -> 0 | J7: =J6-Q7 -> 300 | K7: 58 | L7: 0 | M7: 0 | N7: 22 | O7: 0 | P7: 0 | Q7: 0 | R7: B | S7: Base | T7: 25.65 | U7: 69.35 | V7: =SUM(K7:Q7) -> 80 | W7: =Summary!$C$20*K7+Summary!$C$21*L7+Summary!$C$22*M7+Summary!$C$23*N7+Summary!$C$24*O7+Summary!$C$25*P7+Summary!$C$26*Q7 -> 1342.58 | X7: 0.27:0.73 | Y7: 95 | Z7: 95
A8: 5 | B8: =1180-C8 -> 530 | C8: =SUM(D8:J8) -> 650 | D8: =D7-K8 -> 59.6 | E8: =E7-L8 -> 0 | F8: =F7-M8 -> 150 | G8: =G7-N8 -> 40.4 | H8: =H7-O8 -> 100 | I8: =I7-P8 -> 0 | J8: =J7-Q8 -> 300 | K8: 58 | L8: 0 | M8: 0 | N8: 22 | O8: 0 | P8: 0 | Q8: 0 | R8: A | S8: Base | T8: 25.92 | U8: 70.08 | V8: =SUM(K8:Q8) -> 80 | W8: =Summary!$C$20*K8+Summary!$C$21*L8+Summary!$C$22*M8+Summary!$C$23*N8+Summary!$C$24*O8+Summary!$C$25*P8+Summary!$C$26*Q8 -> 1342.58 | X8: 0.27:0.73 | Y8: 96 | Z8: 96 | AF8: Load Base | AG8: Load E (5-7)
A9: 6 | B9: =1180-C9 -> 610 | C9: =SUM(D9:J9) -> 570 | D9: =D8-K9 -> 1.6 | E9: =E8-L9 -> 0 | F9: =F8-M9 -> 150 | G9: =G8-N9 -> 18.4 | H9: =H8-O9 -> 100 | I9: =I8-P9 -> 0 | J9: =J8-Q9 -> 300 | K9: 58 | L9: 0 | M9: 0 | N9: 22 | O9: 0 | P9: 0 | Q9: 0 | R9: A | S9: Base | T9: 25.92 | U9: 70.08 | V9: =SUM(K9:Q9) -> 80 | W9: =Summary!$C$20*K9+Summary!$C$21*L9+Summary!$C$22*M9+Summary!$C$23*N9+Summary!$C$24*O9+Summary!$C$25*P9+Summary!$C$26*Q9 -> 1342.58 | X9: 0.27:0.73 | Y9: 96 | Z9: 96 | AF9: Load A | AG9: Sail to Sarawak
A10: 7 | B10: =1180-C10 -> 690 | C10: =SUM(D10:J10) -> 490 | D10: =D9-K10 -> -0.4 | E10: =E9-L10 -> 0 | F10: =F9-M10 -> 150 | G10: =G9-N10 -> 18.4 | H10: =H9-O10 -> 100 | I10: =I9-P10 -> 0 | J10: =J9-Q10 -> 222 | K10: 2 | L10: 0 | M10: 0 | N10: 0 | O10: 0 | P10: 0 | Q10: 78 | R10: A | S10: Base | T10: 25.92 | U10: 70.08 | V10: =SUM(K10:Q10) -> 80 | W10: =Summary!$C$20*K10+Summary!$C$21*L10+Summary!$C$22*M10+Summary!$C$23*N10+Summary!$C$24*O10+Summary!$C$25*P10+Summary!$C$26*Q10 -> 809.36 | X10: 0.27:0.73 | Y10: 96 | Z10: 96 | AF10: Sail | AG10: Load F (5-7)
A11: 8 | B11: =1180-C11 -> 770 | C11: =SUM(D11:J11) -> 410 | D11: =D10-K11 -> -0.4 | E11: =E10-L11 -> 0 | F11: =F10-M11 -> 150 | G11: =G10-N11 -> 18.4 | H11: =H10-O11 -> 100 | I11: =I10-P11 -> 0 | J11: =J10-Q11 -> 142 | K11: 0 | L11: 0 | M11: 0 | N11: 0 | O11: 0 | P11: 0 | Q11: 80 | R11: A | S11: Base | T11: 25.92 | U11: 70.08 | V11: =SUM(K11:Q11) -> 80 | W11: =Summary!$C$20*K11+Summary!$C$21*L11+Summary!$C$22*M11+Summary!$C$23*N11+Summary!$C$24*O11+Summary!$C$25*P11+Summary!$C$26*Q11 -> 797.6 | X11: 0.27:0.73 | Y11: 96 | Z11: 96 | AF11: Sail | AG11: Sail
